cda2f56c-0ab1-4e3c-a95d-be8bcc64fc12|db452a28-8f32-4833-8587-6dea238cdf24|destination|5045.0|外帶|||88|0|0
dbbfe25e-96c1-49cc-a832-119314e467be|db452a28-8f32-4833-8587-6dea238cdf24|cash|5045.0||||90|0|0
87f5241b-e405-4d6a-9e50-9b902daa359e|129e4197-380e-4224-b3ef-13bfeef9dbe0|destination|9581.0|外帶|||158|0|0
ab45a2df-db13-4f7e-9956-ce88c5e80f1a|129e4197-380e-4224-b3ef-13bfeef9dbe0|cash|9581.0||||162|0|0
0617a211-80b1-4d58-9117-a00b85f3ff1c|b4e3cf00-dc27-4536-92ff-83e1b1373f47|destination|25.0|內用|||1|0|0
0ab3fda5-81b2-4fc8-9f3d-70fd235d7994|b4e3cf00-dc27-4536-92ff-83e1b1373f47|destination|30595.0|外帶|||537|0|0
0bc6175c-1bcd-48a8-b22a-08251ee59db2|b4e3cf00-dc27-4536-92ff-83e1b1373f47|cash|30620.0||||543|0|0
1c1eca90-1dd2-4ccc-99c6-4d858db998a8|7dd3c2f4-0208-461e-8c98-27bc9a76894c|destination|4715.0|外帶|||84|0|0
48b660ff-9249-444c-81c0-172830324efb|7dd3c2f4-0208-461e-8c98-27bc9a76894c|cash|4715.0||||90|0|0
895f72d3-d3a8-41fd-9f42-0841759bc649|c858bdb9-d455-41f8-9e45-faca1b428f67|destination|13707.0|外帶|||212|0|0
d06ade24-724d-4288-86c2-6c5c1014adc5|c858bdb9-d455-41f8-9e45-faca1b428f67|cash|13707.0||||214|0|0
927537d7-754f-4fa6-8004-754733b73bbd|e3e034fc-2464-4f92-aad3-2f7a4f78db43|destination|50.0|內用|||1|0|0
fa6b912a-4692-4834-83a3-cd80c9f8bcec|e3e034fc-2464-4f92-aad3-2f7a4f78db43|destination|36114.0|外帶|||605|0|0
531c3991-e7a9-47d2-94ce-76f47b2bc98a|e3e034fc-2464-4f92-aad3-2f7a4f78db43|cash|36164.0||||608|0|0
94bca393-16d9-419c-b0fe-94aee5eb002e|c1677d80-583e-4fb8-ad33-7ea9a52605e2|destination|16146.0|外帶|||262|0|0
c46d8897-3d18-410b-8c29-f04eb202c6a8|c1677d80-583e-4fb8-ad33-7ea9a52605e2|cash|16146.0||||266|0|0
26122cb0-3072-4ffb-b4bc-f153d5992b08|2c95a6f6-e00b-496e-b243-164d7b8a70c7|destination|185.0|內用|||1|0|0
b6203ad4-77bb-4c87-bf5b-6f86117f1e33|2c95a6f6-e00b-496e-b243-164d7b8a70c7|destination|25312.0|外帶|||418|0|0
f646aadc-109e-4d8a-8998-276b9ac5477e|2c95a6f6-e00b-496e-b243-164d7b8a70c7|cash|25497.0||||419|0|0
734ac2d4-d818-43ef-872e-221730822d14|2bdce051-9841-46e3-9edf-3a6ed43f34ab|destination|75.0|內用|||1|0|0
db8c3785-7279-4e5b-bf47-fc84b0d87fcb|2bdce051-9841-46e3-9edf-3a6ed43f34ab|destination|12142.0|外帶|||181|0|0
3ea65098-1734-4f32-9196-2897a2e0426c|2bdce051-9841-46e3-9edf-3a6ed43f34ab|cash|12217.0||||184|0|0
af04f6ed-b7d9-4c92-a4b7-09fc1c0191e7|1ca660a4-e32c-494d-9569-eeb8815aa384|destination|30.0|內用|||1|0|0
c842a781-51dc-47c9-b6b2-b84128b40d2d|1ca660a4-e32c-494d-9569-eeb8815aa384|destination|30046.0|外帶|||473|0|0
73740912-3930-4858-9536-1b7df07d3d24|1ca660a4-e32c-494d-9569-eeb8815aa384|cash|30076.0||||474|0|0
32f07548-d36e-4244-aec2-4c1ce915913a|75b53736-e3e9-469f-87b5-705dbb46f04d|destination|1507.0|外帶|||33|0|0
eebada55-5676-4456-b459-661901d0446a|75b53736-e3e9-469f-87b5-705dbb46f04d|cash|1507.0||||33|0|0
25515ed3-f799-465c-80f9-a599d91e0c6f|41648482-0acc-42a9-947a-17720de9adce|destination|3854.0|外帶|||71|0|0
b67aefea-95a4-4ce6-aae0-33af9514bf43|41648482-0acc-42a9-947a-17720de9adce|cash|3854.0||||73|0|0
779511d9-8ff3-4cdf-9ae7-00e55989034a|cca1a1f2-3c4c-4bc5-9f3e-c1ecb1ec23d0|destination|12551.0|外帶|||194|0|0
6978997f-56ca-48e9-a899-611a2d153016|cca1a1f2-3c4c-4bc5-9f3e-c1ecb1ec23d0|cash|12551.0||||194|0|0
76872908-2e1e-41d8-8727-e096e9a9e476|3324d208-532a-4e3d-8a7b-c438b59799a6|destination|3331.0|外帶|||70|0|0
747941ca-6680-4ad0-a38d-754852ba8985|3324d208-532a-4e3d-8a7b-c438b59799a6|cash|3331.0||||70|0|0
3aaac82b-bc70-4397-a968-e2fd645340f2|9ea94ee3-2711-414d-a8ed-78c231d8d2ec|destination|5262.0|外帶|||94|0|0
5409bedb-8265-469e-9f2e-aed734c4be83|9ea94ee3-2711-414d-a8ed-78c231d8d2ec|cash|5262.0||||94|0|0
a92baed5-5668-4bf1-83da-32d64e6e436b|627f52cc-6fc3-4df6-b755-36288d2bb805|destination|16780.0|外帶|||307|0|0
87cd451e-318f-433d-bb73-61aaf73da47d|627f52cc-6fc3-4df6-b755-36288d2bb805|cash|16780.0||||315|0|0
073397a2-d9df-4933-aa86-cb5fdc20bafc|3f50b844-9a43-4b5d-a608-a6d74f18666c|destination|2902.0|外帶|||66|0|0
ce9ab0d1-a4d2-4b13-9b40-cef4c85e5b34|3f50b844-9a43-4b5d-a608-a6d74f18666c|cash|2902.0||||68|0|0
9b942559-1926-41c5-ad11-539a21610729|8aaac9df-4206-4ab1-9f9b-55379972ba5c|destination|7349.0|外帶|||132|0|0
d6771c44-e51f-42d9-a14e-97ad291ef618|8aaac9df-4206-4ab1-9f9b-55379972ba5c|cash|7349.0||||136|0|0
7689c77a-1b25-450d-845f-36abfedb6de9|9c90fa60-037f-4f54-a8eb-913bcb5575f6|destination|7031.0|外帶|||135|1246456422|1246456422
6a272176-8199-492c-8018-df3b18266ee1|9c90fa60-037f-4f54-a8eb-913bcb5575f6|cash|455.0||||9|1246456422|1246456422
3707d546-cb08-4526-be27-2f400a6d559d|9c90fa60-037f-4f54-a8eb-913bcb5575f6|cash|8833.0||2257.0||132|1246456422|1246456422
ea94b0a9-c3ea-476d-b2ce-41770ff46488|a97adad9-61e5-4be4-8491-cf8017b11869|destination|3985.0|外帶|||77|1246503025|1246503025
a976bf60-9404-44e9-833f-9d3dcc8bd362|a97adad9-61e5-4be4-8491-cf8017b11869|cash|3985.0||||81|1246503025|1246503025
85b3ecee-81d2-4abc-8926-e884dc57c754|5e711884-37ac-468b-b623-a29baec865b3|destination|5695.0|外帶|||109|1246517305|1246517305
80687ed2-8fea-43f6-ad39-d983d234a7fd|5e711884-37ac-468b-b623-a29baec865b3|cash|5695.0||||113|1246517305|1246517305
cc58ce9b-f5d7-4df1-a68c-bea34134195c|94eb6c02-fd11-49c6-ad1b-710a531ee852|destination|50.0|內用|||1|1246542672|1246542672
e84fd4b4-1014-4646-a72f-ea2c8821b057|94eb6c02-fd11-49c6-ad1b-710a531ee852|destination|13169.0|外帶|||231|1246542672|1246542672
b817a03a-153d-46b4-8794-4a2275f254dc|94eb6c02-fd11-49c6-ad1b-710a531ee852|cash|13219.0||||232|1246542672|1246542672
90607e4b-b4ff-46d8-912c-8230be0b1b9f|028c3535-576b-42e8-9ffd-683b93b8e453|destination|3195.0|外帶|||75|1246589395|1246589395
3d878c1c-a973-4446-8498-83edef7324d7|028c3535-576b-42e8-9ffd-683b93b8e453|cash|3195.0||||75|1246589395|1246589395
132aab8b-5608-4b0d-a90a-afcc23006f47|3f229117-7221-4622-82fb-deb0193f752d|destination|5100.0|外帶|||88|1246603631|1246603631
53cf67c6-9719-4a56-b12e-59bf2557bd37|3f229117-7221-4622-82fb-deb0193f752d|cash|5100.0||||90|1246603631|1246603631
8f07bded-b54a-4f1d-95b4-ddfe89838998|aae01a75-bed8-42ef-8be7-cd7e8ecee671|destination|15923.0|外帶|||300|1246629866|1246629866
b8c2baa7-6bc0-4d09-840b-0b165b79d236|aae01a75-bed8-42ef-8be7-cd7e8ecee671|cash|15923.0||||302|1246629866|1246629866
fdb513b6-9446-4f58-8188-cfab668bb7f6|cddcd9e2-beea-4da7-a403-af526e619382|destination|7611.0|外帶|||145|1246690421|1246690421
6287ffc0-748d-4581-8661-654fd2c10bf8|cddcd9e2-beea-4da7-a403-af526e619382|cash|7611.0||||145|1246690421|1246690421
ca7b57bf-6281-4d42-9c11-d191ca82c2fe|585e1bb0-52b4-4555-ab67-5415d9e568c7|destination|16229.0|外帶|||308|1246715881|1246715881
50e11e1b-1472-491c-80e0-895a674a6e36|585e1bb0-52b4-4555-ab67-5415d9e568c7|cash|16229.0||||314|1246715881|1246715881
0a50d8bc-91dc-4dc8-9079-c326f8d1965f|b7854539-e8bd-4e5e-b8f5-9daa834d61d1|destination|4754.0|外帶|||96|1246775748|1246775748
6dc54dfb-bbd7-437d-9da9-840bfdf795bf|b7854539-e8bd-4e5e-b8f5-9daa834d61d1|cash|4754.0||||96|1246775748|1246775748
894e7bbc-83f6-48d0-b7a9-9aa4a20521e1|bba3e028-be00-4ed0-8248-fd0308642546|destination|14241.0|外帶|||278|1246802754|1246802754
635fad3c-7578-4c52-adc9-550523f27a16|bba3e028-be00-4ed0-8248-fd0308642546|cash|14241.0||||280|1246802754|1246802754
711c8926-5b9b-4043-914e-aeab6aacdcb6|58876ac8-ce14-4035-afb3-9da3a6f0c554|destination|3591.0|外帶|||82|1246849418|1246849418
0e1f1060-f73a-45fc-9725-3924796d3e11|58876ac8-ce14-4035-afb3-9da3a6f0c554|cash|3591.0||||82|1246849418|1246849418
afe4cbdb-83de-4bb8-ad8a-27708b568e21|06e14a83-80a5-4790-81fa-d65e84465ae8|destination|3603.0|外帶|||78|1246862845|1246862845
6df3b2f1-2640-490e-bef7-a09775946216|06e14a83-80a5-4790-81fa-d65e84465ae8|cash|3603.0||||82|1246862845|1246862845
26d99e74-0221-4902-9882-35a969e8dfcf|fde8516b-ee4b-4aad-bb68-69731c74b6dc|destination|150.0|內用|||2|1246889341|1246889341
1cf6a255-d16a-41e9-a965-53f95c2ec55b|fde8516b-ee4b-4aad-bb68-69731c74b6dc|destination|17654.0|外帶|||306|1246889341|1246889341
e0aaf2f8-a0a5-4d91-a7b7-9d586dff1e52|fde8516b-ee4b-4aad-bb68-69731c74b6dc|cash|17804.0||||310|1246889341|1246889341
ca00961f-52ca-494d-9557-005e6c88f840|87554db7-96af-4d08-b8b1-766930e48bf6|destination|3638.0|外帶|||82|1246934024|1246934024
c1527334-a82b-4ae0-87de-6b4f8c1d9776|87554db7-96af-4d08-b8b1-766930e48bf6|cash|3638.0||||86|1246934024|1246934024
1069a378-e829-4ffb-a5db-080b78093620|43d53f3f-0150-4e7f-97b9-155e28c26bdd|destination|4548.0|外帶|||88|1246948939|1246948939
745cb10a-0f0c-4d91-9b36-4c8c7bcef2db|43d53f3f-0150-4e7f-97b9-155e28c26bdd|cash|4548.0||||88|1246948939|1246948939
f2ea468b-1422-47d0-9dfe-3f619c2906c7|0db5984f-e77f-4d18-a952-1db71179e5fb|destination|17275.0|外帶|||298|1246979151|1246979151
5f984a1b-2b0a-4211-b386-5f19ba5b2b35|0db5984f-e77f-4d18-a952-1db71179e5fb|cash|17275.0||||301|1246979151|1246979151
0dfa362f-4c65-4787-bfb7-5db1dbbf1485|048e5804-4d9f-4144-8b18-223938ccb05f|destination|5055.0|外帶|||98|1247021936|1247021936
a6f04836-66f4-41e2-9887-81b044d295e3|048e5804-4d9f-4144-8b18-223938ccb05f|cash|5055.0||||104|1247021936|1247021936
c5da3f21-b031-4081-ac1e-a0b6dc99bc09|ec6720c6-87f6-4c6c-851d-a363f0206c88|destination|6310.0|外帶|||99|1247037019|1247037019
a9f7325d-78d6-4d21-83c9-dd9ffdac02dd|ec6720c6-87f6-4c6c-851d-a363f0206c88|cash|6310.0||||103|1247037019|1247037019
3c404a08-150f-4a36-adb9-ab908330d6ee|8bb183ef-e959-4913-8269-0c18a9571dda|destination|19535.0|外帶|||352|1247062337|1247062337
f194ca7c-9779-4830-b09e-70cef65e1b83|8bb183ef-e959-4913-8269-0c18a9571dda|cash|19535.0||||357|1247062337|1247062337
97b422c5-993d-4385-af52-510ddada6c6d|a9366b07-dd3f-4d01-8ee8-11ff2df13643|destination|4317.0|外帶|||99|1247106859|1247106859
47bffc96-f500-4dfd-bab9-e2eb2345ed94|a9366b07-dd3f-4d01-8ee8-11ff2df13643|cash|4317.0||||105|1247106859|1247106859
d287efbb-ca80-45df-b6d3-a0bf8b8f08b3|976c90da-d1da-4ad3-b0ad-526d979a0461|destination|125.0|內用|||2|1247122659|1247122659
4cef251e-6bd8-4969-8bf9-5f287b80eb45|976c90da-d1da-4ad3-b0ad-526d979a0461|destination|5358.0|外帶|||103|1247122659|1247122659
d09fb899-4e40-4fbf-8bec-12dc8611f40e|976c90da-d1da-4ad3-b0ad-526d979a0461|cash|5483.0||||109|1247122659|1247122659
65d708b9-5235-43eb-98d3-21b3960a5e63|179e2d41-06d7-4f1e-b20b-82ad7013fbb9|destination|75.0|內用|||1|1247147761|1247147761
ff7940f5-1d91-4a9c-a0aa-e768ca4eb190|179e2d41-06d7-4f1e-b20b-82ad7013fbb9|destination|17555.0|外帶|||283|1247147761|1247147761
704502b5-7740-4f46-a6a5-5aa98a11e55a|179e2d41-06d7-4f1e-b20b-82ad7013fbb9|cash|17632.0||||292|1247147761|1247147761
acd47ca0-5b21-4e3e-ac15-e2d40fa34b76|3c79defd-3abc-484c-ae14-2476754e33fa|destination|4677.0|外帶|||95|1247193348|1247193348
a6479bc0-17d9-4a6b-82a2-9d93f6819b6a|3c79defd-3abc-484c-ae14-2476754e33fa|cash|4677.0||||95|1247193348|1247193348
ab9faf54-68cf-4d5e-b72a-f99d9c1dbba1|ded5869d-ede5-4b74-a7a7-288f491610b9|destination|6036.0|外帶|||99|1247210397|1247210397
a4272090-a713-448b-9f6a-b43055a38ecc|ded5869d-ede5-4b74-a7a7-288f491610b9|cash|6036.0||||103|1247210397|1247210397
9d860e8c-e8a0-48c4-8658-8d8af73018cf|e9f94b42-9a1f-4bb2-af8e-64405d18ef26|destination|25.0|內用|||1|1247235146|1247235146
a02f0dac-0399-4f88-9640-5522e5b10c7d|e9f94b42-9a1f-4bb2-af8e-64405d18ef26|destination|22167.0|外帶|||379|1247235146|1247235146
f96c5209-9acd-4a6e-abe7-e964723d5eec|e9f94b42-9a1f-4bb2-af8e-64405d18ef26|cash|22192.0||||388|1247235146|1247235146
c89cecb6-22e8-4481-ad8c-0b5993595c21|38d1fbe7-d3f8-411e-9660-4db0dfcfa9b0|destination|7671.0|外帶|||147|1247297328|1247297328
19a4b4a8-670b-460b-8d30-5056e102f1c5|38d1fbe7-d3f8-411e-9660-4db0dfcfa9b0|cash|7671.0||||153|1247297328|1247297328
79dafba4-3770-434d-8b9a-0470159fa900|8c26b98a-f78f-48e8-a09d-6d2a00486483|destination|40.0|內用|||1|1247321585|1247321585
15d24afb-d6aa-4104-89e3-85b026c28de5|8c26b98a-f78f-48e8-a09d-6d2a00486483|destination|13191.0|外帶|||242|1247321585|1247321585
1814ee2f-2a49-447f-8e8b-64ccbd168733|8c26b98a-f78f-48e8-a09d-6d2a00486483|cash|13231.0||||249|1247321585|1247321585
05bbc64f-4bce-4636-99df-a9d6d1f5dcfe|d48354a0-ff67-42be-909e-774300aab12a|destination|5043.0|外帶|||104|1247381890|1247381890
2b698903-8d4e-4680-b1aa-f408e775c7c0|d48354a0-ff67-42be-909e-774300aab12a|cash|5043.0||||104|1247381890|1247381890
063c55e5-bce6-43c7-9e56-b1856ed490aa|aec64d8e-e31c-4fb6-ae93-b458495241a3|destination|11190.0|外帶|||213|1247407702|1247407702
fa72014b-f7d0-4d03-90df-941ed1995044|aec64d8e-e31c-4fb6-ae93-b458495241a3|cash|11190.0||||213|1247407702|1247407702
98deec4b-c250-4d92-8c5c-487e8497ea74|868322a9-0c07-471f-aaf9-51cb5072def8|destination|190.0|內用|||1|1247453886|1247453886
b2ec0364-1945-4b4b-b65c-ae966a2a687b|868322a9-0c07-471f-aaf9-51cb5072def8|destination|4130.0|外帶|||99|1247453886|1247453886
16f9cb94-9adb-4b5e-a434-98433eb1cfbc|868322a9-0c07-471f-aaf9-51cb5072def8|cash|4320.0||||106|1247453886|1247453886
6669336d-93d3-474b-846b-6d2e4187e994|dcb5d6c8-0876-4a2c-9f8b-6b15af132326|destination|4542.0|外帶|||88|1247467339|1247467339
b039be15-f7c4-4401-8462-79e4a0bd0e41|dcb5d6c8-0876-4a2c-9f8b-6b15af132326|cash|4542.0||||90|1247467339|1247467339
908a00ad-0d6d-480b-bed8-947a852bb5fb|f19ece97-d8c9-478a-9a84-20644d1306fe|destination|30.0|內用|||1|1247493712|1247493712
8e5d8e0d-5baf-41c3-b860-ea19bc08ca1d|f19ece97-d8c9-478a-9a84-20644d1306fe|destination|15226.0|外帶|||264|1247493712|1247493712
09ec2888-7c64-49fc-abc7-076c46f0dbd5|f19ece97-d8c9-478a-9a84-20644d1306fe|cash|15256.0||||265|1247493712|1247493712
65dd7d8c-50dc-4e4b-a985-2ed5c3bde3b7|517db40d-c7a6-4b73-b38e-ec40298e23e6|destination|3517.0|外帶|||79|1247539605|1247539605
2656e32b-dc02-4d5e-a8b9-3d18823eada6|517db40d-c7a6-4b73-b38e-ec40298e23e6|cash|3517.0||||83|1247539605|1247539605
66b30182-11e6-49b1-8491-6bdebc827b4d|15af0c24-b539-4701-a08f-43416df6fecc|destination|7474.0|外帶|||128|1247558149|1247558149
ecb1b262-faf3-4d29-ac94-b22a8302dea4|15af0c24-b539-4701-a08f-43416df6fecc|cash|7474.0||||128|1247558149|1247558149
e905601e-5f62-40fd-8cca-f8802b0a4565|d37a13b9-2101-49ca-a1ab-47902bc93292|destination|11909.0|外帶|||195|1247580495|1247580495
6357a100-4e04-4a04-930e-707746219944|d37a13b9-2101-49ca-a1ab-47902bc93292|cash|11909.0||||199|1247580495|1247580495
8d96d1fa-ac33-40be-93d0-a03e6fa6bf9b|7cd6d275-3286-46b5-9171-da794f940ecd|destination|2890.0|外帶|||72|1247625722|1247625722
ca8bcc6b-53e9-4694-9e56-fffbbac3572d|7cd6d275-3286-46b5-9171-da794f940ecd|cash|2890.0||||74|1247625722|1247625722
8de40771-9652-4624-ac56-7ec4f8bba2d4|81ce5066-68d6-430f-b858-c6b5f8ad1846|destination|35.0|內用|||1|1247644179|1247644179
a8e2a7c1-ad17-4cfe-9d94-7b88318404b1|81ce5066-68d6-430f-b858-c6b5f8ad1846|destination|5584.0|外帶|||107|1247644179|1247644179
c2d10899-e621-4f26-9976-cea955c8c394|81ce5066-68d6-430f-b858-c6b5f8ad1846|cash|5619.0||||116|1247644179|1247644179
f8b55bdb-e163-4f41-8dc7-6990ca80a250|c24957be-49df-4950-ac0e-f367055523b2|destination|17929.0|外帶|||294|1247666952|1247666952
c66c736b-88f1-4b47-90b0-d24013af38dc|c24957be-49df-4950-ac0e-f367055523b2|cash|17929.0||||300|1247666952|1247666952
dece72b6-1730-4fdf-8d57-d2fdb00c6ff3|2b7eaf96-b9aa-4532-9776-06a2c7f88834|destination|4173.0|外帶|||94|1247711485|1247711485
e4d291d1-4e66-43a0-980c-0733827ed723|2b7eaf96-b9aa-4532-9776-06a2c7f88834|cash|4173.0||||98|1247711485|1247711485
0f545bc2-6b95-4cf8-9fa3-342ffadbea88|7af48834-51ab-4f18-ac7d-fdad3d190962|destination|5538.0|外帶|||87|1247727369|1247727369
ae28983f-b6d0-4d83-ada4-2520789e8904|7af48834-51ab-4f18-ac7d-fdad3d190962|cash|5538.0||||89|1247727369|1247727369
3c015e29-6dd6-425b-8ebf-ef79212e5194|31b87163-278a-41e1-a0d1-01c56b7ac3ca|destination|36.0|內用|||1|1247753358|1247753358
bebdeb6f-16a2-4292-8f0a-1d8e2ddd60c0|31b87163-278a-41e1-a0d1-01c56b7ac3ca|destination|19996.0|外帶|||314|1247753358|1247753358
27e81fda-e37c-44d9-9025-b1045cfdf64a|31b87163-278a-41e1-a0d1-01c56b7ac3ca|cash|20032.0||||321|1247753358|1247753358
5bb6421f-3c64-445f-9000-9a4c0d8e0154|3d7a9152-acee-4b3d-b9a4-e0044c64a8e0|destination|4202.0|外帶|||93|1247798163|1247798163
9ee5bb09-75e3-4294-af48-65e4e2203c61|3d7a9152-acee-4b3d-b9a4-e0044c64a8e0|cash|4202.0||||95|1247798163|1247798163
d07c3b93-da03-4ea3-b78b-52a85d024ea4|7feb7493-04a3-4571-bf61-a028beee79e7|destination|50.0|內用|||1|1247814530|1247814530
393f43cf-c4c0-4ea2-bd59-e96e8bb5bfaa|7feb7493-04a3-4571-bf61-a028beee79e7|destination|6072.0|外帶|||105|1247814530|1247814530
5917d363-1207-437b-ae51-3fa24c503454|7feb7493-04a3-4571-bf61-a028beee79e7|cash|6122.0||||106|1247814530|1247814530
caaed884-75fa-46cb-8a07-6a6c9a44a794|38eb49ea-f617-4bc7-96e9-a52c7fb3547c|destination|50.0|內用|||1|1247839808|1247839808
59aa11b0-bdf5-4ed5-806c-3b9756e784e3|38eb49ea-f617-4bc7-96e9-a52c7fb3547c|destination|25278.0|外帶|||441|1247839808|1247839808
628255c8-1069-49b7-aaaf-38f5864a5f43|38eb49ea-f617-4bc7-96e9-a52c7fb3547c|cash|25328.0||||452|1247839808|1247839808
116829f3-ffba-4c08-a6de-a538730b9784|c955a18b-f72c-479a-a268-ad5a26434710|destination|6439.0|外帶|||123|1247899531|1247899531
dd096be2-9a18-464d-b0e1-fb4ea918e4a8|c955a18b-f72c-479a-a268-ad5a26434710|cash|6439.0||||127|1247899531|1247899531
1cfe480d-612a-48f8-be64-4ce075601dc0|9cf2dafc-30a9-43bc-a1ad-bf3c8c391644|destination|14142.0|外帶|||276|1247925750|1247925750
8a9df079-8afb-4a95-8354-32a66aa43b04|9cf2dafc-30a9-43bc-a1ad-bf3c8c391644|cash|14142.0||||280|1247925750|1247925750
e4f46bb8-2406-410f-bfe6-4819606f3fa9|85cdbbd6-53e1-4a30-9770-3b1c7ef517f3|destination|6401.0|外帶|||100|1247987077|1247987077
0d9236d6-2f99-405c-ad79-7de112ad3157|85cdbbd6-53e1-4a30-9770-3b1c7ef517f3|destination|36.0|外送|||1|1247987077|1247987077
e9562df4-a2a1-4a3e-9510-ca53d79a1421|85cdbbd6-53e1-4a30-9770-3b1c7ef517f3|cash|6437.0||||109|1247987077|1247987077
e1efd2a9-2161-42d3-96cd-bfbbb4dba5cd|83d97641-401c-45c5-aca0-a2c6b0ee785b|destination|12860.0|外帶|||211|1248012495|1248012495
ad059cfa-4c29-411d-8e4b-b82a930206be|83d97641-401c-45c5-aca0-a2c6b0ee785b|cash|12860.0||||221|1248012495|1248012495
bc3e6d69-bc62-4f3c-a668-480ca64fa55e|b89d2970-2936-47ce-b785-4028898fbc86|destination|3519.0|外帶|||79|1248057357|1248057357
5fde640f-ff22-4a77-9bc3-8443ee6cb332|b89d2970-2936-47ce-b785-4028898fbc86|cash|3519.0||||79|1248057357|1248057357
6f697632-5a39-4a5f-9558-f86a741d936f|961ea15c-5595-4073-a36b-202f6a9d83a6|destination|6382.0|外帶|||123|1248075063|1248075063
af3353b1-c909-4aed-9512-746df299ba69|961ea15c-5595-4073-a36b-202f6a9d83a6|cash|6382.0||||123|1248075063|1248075063
889919c8-a469-4f5e-8acc-695f1a800b45|1d233e4f-9eff-4683-8970-c7428f8d1fd3|destination|15725.0|外帶|||263|1248098658|1248098658
0a49e8f0-b14c-4866-8299-30c7f06d911a|1d233e4f-9eff-4683-8970-c7428f8d1fd3|cash|15725.0||||267|1248098658|1248098658
ec98add3-e69c-43d8-83e0-2f1db0d3b871|4f2772b9-7933-47c6-854e-02e81cfe1906|destination|2672.0|外帶|||67|1248143829|1248143829
d8b37a9a-88a2-4bdd-9ade-1b0358e8ea62|4f2772b9-7933-47c6-854e-02e81cfe1906|cash|2672.0||||71|1248143829|1248143829
bc892d96-4fb4-4bd9-84b3-4ba6c8a41267|4071f92b-5a35-4d1a-bf56-d80c27a2084d|destination|5917.0|外帶|||92|1248159253|1248159253
28410902-d85a-4a41-a430-6880b5c4e508|4071f92b-5a35-4d1a-bf56-d80c27a2084d|cash|5917.0||||92|1248159253|1248159253
a32e2783-053d-4558-9cce-4b9e6dcf08c7|3a9dae03-abaf-438d-bde3-290aab70fb2a|destination|122.0|內用|||1|1248184992|1248184992
50c1945a-75aa-4a5b-8643-1f0f6dab0dae|3a9dae03-abaf-438d-bde3-290aab70fb2a|destination|15092.0|外帶|||263|1248184992|1248184992
0aae5e65-cc11-4dc8-9543-8aabc73de3ba|3a9dae03-abaf-438d-bde3-290aab70fb2a|cash|15214.0||||265|1248184992|1248184992
012c4eea-7362-45eb-934c-e0776a59f043|d89feae3-8118-45c0-a996-15188d40a137|destination|4038.0|外帶|||97|1248229097|1248229097
1e2f7bff-e4cb-4f2d-929d-2c3ccb6c8a63|d89feae3-8118-45c0-a996-15188d40a137|cash|4113.0||||98|1248229097|1248229097
578279d3-3ce0-4a12-9655-a48b9f492b6c|9b85ca92-bd84-48cd-b089-f7aa1e0e1bad|destination|3449.0|外帶|||79|1248247790|1248247790
c0ab7340-ea6a-4d0c-a74a-c1b4c3e3a829|9b85ca92-bd84-48cd-b089-f7aa1e0e1bad|cash|3449.0||||81|1248247790|1248247790
f2e92460-8908-4eb6-a966-a61a308e8815|ec89b700-7a4c-4135-8e3b-0b8b2322787a|destination|13553.0|外帶|||240|1248271413|1248271413
4c69154f-e19a-45c8-9a01-729f433fa5ff|ec89b700-7a4c-4135-8e3b-0b8b2322787a|cash|13553.0||||243|1248271413|1248271413
e6371c15-24a4-4b8f-9ce5-65b03599faf5|b4299746-b01e-46c9-a162-79b23ab469bc|destination|3899.0|外帶|||88|1248315355|1248315355
0fa2789c-d51d-45c3-96a4-0499db2f3e85|b4299746-b01e-46c9-a162-79b23ab469bc|cash|3899.0||||92|1248315355|1248315355
390e4b0a-7509-41c6-b97b-b38ec7b147e6|a305ba8c-73b3-4f82-8010-8e3070c092bc|destination|5250.0|外帶|||84|1248333573|1248333573
19dca44f-e90a-4f5d-b2e2-84c16652780b|a305ba8c-73b3-4f82-8010-8e3070c092bc|cash|5250.0||||86|1248333573|1248333573
00865fdc-b836-4d1a-8c20-26487e4bb5f9|83b10394-38bd-4c7d-90e4-78eca6e0ae60|destination|11721.0|外帶|||207|1248357827|1248357827
da46402f-eadc-4719-9c43-79d64dc43c38|83b10394-38bd-4c7d-90e4-78eca6e0ae60|cash|11721.0||||209|1248357827|1248357827
46afdef6-1b85-4ac3-9810-c17c41cbbc5f|4657cc54-17f5-43c0-a4fa-a1013ced2fee|destination|4161.0|外帶|||86|1248402985|1248402985
f8092b82-33d5-4cfc-bbb1-dd98c289da78|4657cc54-17f5-43c0-a4fa-a1013ced2fee|cash|4161.0||||86|1248402985|1248402985
20a324e7-499d-44d8-8a1a-67f895c57f3f|e76dee0c-a99c-42fd-86c9-c9f22f6c768a|destination|5047.0|外帶|||92|1248420143|1248420143
9dc426ae-209e-4193-a3e1-cdfbb791b083|e76dee0c-a99c-42fd-86c9-c9f22f6c768a|cash|5047.0||||94|1248420143|1248420143
b664e31d-321d-4a19-a364-f62fdbcbd276|a9fc7675-af20-481b-96d5-3870a267f2f7|destination|25.0|內用|||1|1248444520|1248444520
ca917837-28e7-4bad-bb5a-3e93e71f0bc5|a9fc7675-af20-481b-96d5-3870a267f2f7|destination|16717.0|外帶|||297|1248444520|1248444520
1bb5b627-89e6-49b4-abc3-06c48765753e|a9fc7675-af20-481b-96d5-3870a267f2f7|cash|16742.0||||302|1248444520|1248444520
bc49d9bd-eb96-4d78-857a-2b2639a9c1c3|096fb051-a9ca-427d-abb8-615e7ac98495|destination|5257.0|外帶|||111|1248506409|1248506409
35e0831d-ebf2-443c-b49b-96219076c023|096fb051-a9ca-427d-abb8-615e7ac98495|cash|5257.0||||111|1248506409|1248506409
3b2b3c9d-34ab-4af1-aba7-4cd1c86c21f6|82380378-1db2-4ee5-907b-9d77dd56e1e3|destination|12820.0|外帶|||203|1248530472|1248530472
adf3f756-ba13-40d5-b11f-23c030b38bdc|82380378-1db2-4ee5-907b-9d77dd56e1e3|cash|12820.0||||207|1248530472|1248530472
d258062a-b45d-49bd-8281-c1fd3af5d3cf|26bd7f2a-bf38-4420-871a-d47bb4c47650|destination|5413.0|外帶|||91|1248592016|1248592016
1fe01724-3b12-41cf-8bf5-3a00ea4c63d3|26bd7f2a-bf38-4420-871a-d47bb4c47650|cash|5413.0||||97|1248592016|1248592016
4cc77bd4-0237-44a1-8343-071c1767020d|bd3179f5-5bae-482f-af44-3b7192c8421c|destination|11561.0|外帶|||204|1248616899|1248616899
4388dff0-22b3-4b47-af0b-8a902fd19bdf|bd3179f5-5bae-482f-af44-3b7192c8421c|cash|11561.0||||210|1248616899|1248616899
317aa1b8-4752-4122-8443-a0bae24a87bf|d617cc3b-4fba-408a-b88a-876ba80ebbec|destination|2980.0|外帶|||69|1248663183|1248663183
bf249ebd-032c-4eff-86ed-e4d33717975d|d617cc3b-4fba-408a-b88a-876ba80ebbec|cash|2980.0||||69|1248663183|1248663183
773007a0-1455-4084-918d-00e353fb0576|778d999b-568a-40b8-8e14-c1fc39b32e28|destination|3878.0|外帶|||74|1248679666|1248679666
21729579-84f9-4ab3-97ac-d7f7c0f3be1d|778d999b-568a-40b8-8e14-c1fc39b32e28|cash|3878.0||||76|1248679666|1248679666
bb14d6b4-0f0f-49d8-9512-0381c3f0d5e1|a289fe5d-411d-473a-8507-e45102c55492|destination|16265.0|外帶|||269|1248703074|1248703074
65e67ab0-0e0a-4277-8301-d194b25903fa|a289fe5d-411d-473a-8507-e45102c55492|cash|16265.0||||269|1248703074|1248703074
767b7286-c1b9-4beb-a990-d0e70ae3ba45|a627ebd8-fab0-43f1-be6f-96bdc47aae5c|destination|3729.0|外帶|||86|1248747995|1248747995
d0d95da0-36c6-4631-8cd8-52da84695122|a627ebd8-fab0-43f1-be6f-96bdc47aae5c|cash|3729.0||||86|1248747995|1248747995
11a26cd3-006c-4e81-9ba0-e284d4a9948f|4faed8b2-7b05-40e3-86a2-f6734e6e358e|destination|5682.0|外帶|||80|1248764478|1248764478
34935b53-d9d6-4ca1-b962-78c40dd5c34e|4faed8b2-7b05-40e3-86a2-f6734e6e358e|cash|5682.0||||80|1248764478|1248764478
25512e44-b702-4bc9-91b9-81133138a0b5|b5e1d69a-ad6a-4296-b021-2d72fc436e16|destination|15438.0|外帶|||245|1248789820|1248789820
86609ab0-5c2b-4716-9973-e41fc59d2192|b5e1d69a-ad6a-4296-b021-2d72fc436e16|cash|15438.0||||247|1248789820|1248789820
f32573f7-9988-4627-b6be-8d978998833f|1d199891-5bbd-4f90-8611-10808a9a11f3|destination|3255.0|外帶|||77|1248833986|1248833986
b50f3cad-d9a2-46ae-8b70-95e89ac84de5|1d199891-5bbd-4f90-8611-10808a9a11f3|cash|3255.0||||79|1248833986|1248833986
e372457c-e6bb-4659-948a-1e3f135eda81|133b9f08-3883-44f4-aca7-8901df5cb860|destination|6679.0|外帶|||104|1248853117|1248853117
68de0a96-96cf-425a-9ae2-3278f8a671e8|133b9f08-3883-44f4-aca7-8901df5cb860|cash|6679.0||||104|1248853117|1248853117
9234fba0-f258-46e0-90ca-b73e40ace816|917d12fa-e758-40de-992b-7ef1563f6260|destination|17860.0|外帶|||275|1248876354|1248876354
37d4a4c2-07f9-466f-8234-ae6061691bdc|917d12fa-e758-40de-992b-7ef1563f6260|cash|17860.0||||279|1248876354|1248876354
f2a5d34e-1c2e-41ff-9933-b6c35254da20|fe893dfb-bc89-4d46-b75c-1371def22157|destination|2825.0|外帶|||70|1248920159|1248920159
f946f4b1-aa22-4aa9-9758-e6975ebec883|fe893dfb-bc89-4d46-b75c-1371def22157|cash|2825.0||||70|1248920159|1248920159
a5f5f056-ea25-4acb-a1ba-23697f3194f2|e977f8a6-f11a-47d8-890a-1dfb3e4f6af9|destination|4054.0|外帶|||83|1248938041|1248938041
e370650b-6724-4f30-bf39-9d31a96a3c3d|e977f8a6-f11a-47d8-890a-1dfb3e4f6af9|cash|4054.0||||87|1248938041|1248938041
41f53eb2-43eb-496d-b0df-2bf82e52579b|c1473051-3e45-4bff-ae7c-c36f23d73960|destination|17868.0|外帶|||304|1248962805|1248962805
dc471a27-5a4a-4ab6-91d5-b042893adca8|c1473051-3e45-4bff-ae7c-c36f23d73960|cash|17868.0||||306|1248962805|1248962805
343bfbad-66da-49ca-ad4c-96b4ad5715dc|29261c42-4149-4e08-9c1b-a02778e48a0d|destination|3894.0|外帶|||99|1249006803|1249006803
d07933e1-c834-4695-9824-013162be82c9|29261c42-4149-4e08-9c1b-a02778e48a0d|cash|3894.0||||103|1249006803|1249006803
4f00ae72-3e26-43b0-b366-193f07aa6ad1|09bd07ea-b8fd-465f-9a02-23cb2a971a68|destination|4609.0|外帶|||77|1249025156|1249025156
2d88cef7-974b-4506-8d7f-2eb10a338501|09bd07ea-b8fd-465f-9a02-23cb2a971a68|cash|4609.0||||77|1249025156|1249025156
12db53b6-e7db-4cab-9323-25e21e49654f|9c9a99ef-484b-4252-ad51-8726d1012e0f|destination|18186.0|外帶|||268|1249049133|1249049133
f0cf6209-5ed2-43b5-9225-46047d63bf5a|9c9a99ef-484b-4252-ad51-8726d1012e0f|cash|18186.0||||268|1249049133|1249049133
8aaa251d-cb51-4e19-8aa2-6c5261bc0271|6d4638b7-52ca-471c-b64f-600f7a96a1ec|destination|6439.0|外帶|||120|1249110811|1249110811
008025aa-312b-4074-802f-a7302b44f3c5|6d4638b7-52ca-471c-b64f-600f7a96a1ec|cash|6439.0||||120|1249110811|1249110811
267d1cd4-2aec-49bc-9404-cf19055e2e2d|18e3ed83-5ccc-4a22-923c-5b275a1322c2|destination|14383.0|外帶|||210|1249135317|1249135317
5fed155b-05d9-4b54-adec-73ccde0bd704|18e3ed83-5ccc-4a22-923c-5b275a1322c2|cash|14383.0||||212|1249135317|1249135317
a4795a28-1ac4-4185-83bb-30778bb00c5f|a876e3d9-1dc7-4bc1-ae10-ab024a801b7b|destination|4789.0|外帶|||95|1249197803|1249197803
bf3f0062-5299-44d2-9584-947fb05169f4|a876e3d9-1dc7-4bc1-ae10-ab024a801b7b|cash|4789.0||||95|1249197803|1249197803
afae13ac-eb6f-405b-9d83-13e04228df0e|69084d03-8071-4ba7-a282-98a3ffa2965a|destination|11192.0|外帶|||195|1249220832|1249220832
cad68da3-0453-43a5-91f0-2226e16ad5e5|69084d03-8071-4ba7-a282-98a3ffa2965a|cash|11192.0||||201|1249220832|1249220832
1390cbe5-9bea-45e4-885c-14545d624004|3dce8f3a-f7f9-4faf-bc78-83260ce5fcda|destination|4457.0|外帶|||86|1249266565|1249266565
1bbd8bd3-6e67-481d-90a4-677c8831a794|3dce8f3a-f7f9-4faf-bc78-83260ce5fcda|cash|4457.0||||92|1249266565|1249266565
940b19dd-da39-41cc-9563-7053a439d9aa|1aa663ee-e03a-452e-85e0-5a98fb1e1cc5|destination|6058.0|外帶|||81|1249282677|1249282677
5037a229-1af6-4d28-b92e-d9f48dafa9c6|1aa663ee-e03a-452e-85e0-5a98fb1e1cc5|cash|6058.0||||85|1249282677|1249282677
4e3f2a5c-8431-4936-856e-714616e7ebd3|c9f48c68-a5f2-420e-8b07-b4fe16e63ffd|destination|100.0|內用|||1|1249306763|1249306763
2b1584e4-ddb2-423e-8fc1-acefe201fa68|c9f48c68-a5f2-420e-8b07-b4fe16e63ffd|destination|23045.0|外帶|||280|1249306763|1249306763
b241b1c5-4964-49e1-b046-c164014590fe|c9f48c68-a5f2-420e-8b07-b4fe16e63ffd|cash|23145.0||||285|1249306763|1249306763
3bc2341d-e436-4815-9bc7-393adb6e99b9|e575770a-eb5c-4841-8284-d40fccc3c773|destination|3486.0|外帶|||74|1249353343|1249353343
85c97fcb-dfc6-49a0-8e94-53cc16d5fb2d|e575770a-eb5c-4841-8284-d40fccc3c773|cash|3486.0||||74|1249353343|1249353343
efbd4297-149e-4b7f-ba8e-f7e021aff57a|78cc5879-a07d-47a6-9378-65c90dc349af|destination|6148.0|外帶|||81|1249369832|1249369832
e685a2c4-6d02-4af9-a1c0-723bca138a62|78cc5879-a07d-47a6-9378-65c90dc349af|cash|6148.0||||85|1249369832|1249369832
c45f8b06-486e-457a-939b-5a696215af43|268a6a08-79d8-4a05-a2ca-f24334152cee|destination|27913.0|外帶|||312|1249394865|1249394865
f7a67f3a-bb79-4422-8c47-01002fc5ba68|268a6a08-79d8-4a05-a2ca-f24334152cee|cash|27913.0||||314|1249394865|1249394865
e9c849af-f9b9-4edc-8fb4-8e2dcf5d136d|cd49a4c7-67d1-4a77-84bb-fb570127720f|destination|3515.0|外帶|||73|1249438701|1249438701
fb48a5f8-7703-418f-8fa7-5a0342a0dc88|cd49a4c7-67d1-4a77-84bb-fb570127720f|cash|3515.0||||77|1249438701|1249438701
31b43308-165f-4333-b647-e321cac78454|6c2f02c5-8dc2-428f-a2f6-271ae4e40916|destination|7852.0|外帶|||114|1249458710|1249458710
7c0ab0cf-5ae8-4fae-a212-f6953d9d3116|6c2f02c5-8dc2-428f-a2f6-271ae4e40916|cash|7852.0||||118|1249458710|1249458710
dc015252-cc1d-43d0-ace1-5a86825a95f2|b1772cf3-0db4-43bf-b25f-d8597c2ae3e1|destination|24788.0|外帶|||307|1249481532|1249481532
56ea909e-e27a-416a-b78a-381835d7d892|b1772cf3-0db4-43bf-b25f-d8597c2ae3e1|cash|24788.0||||307|1249481532|1249481532
429afb64-a57f-446f-81cf-f1b3bee73aad|22a9b034-f0de-4a1a-8377-0cfcd4f81561|destination|4911.0|外帶|||79|1249526377|1249526377
d3540f6a-a82c-448c-a8ab-b77aaa116501|22a9b034-f0de-4a1a-8377-0cfcd4f81561|cash|4911.0||||81|1249526377|1249526377
e93a560b-f0d3-4716-9f2b-9341d0caf0ab|6ebb229a-63a2-486a-ab7d-4480dc8bfdec|destination|7803.0|外帶|||95|1249542649|1249542649
d7e18478-fe88-4e9a-a11f-bdb3785fb499|6ebb229a-63a2-486a-ab7d-4480dc8bfdec|cash|7803.0||||99|1249542649|1249542649
cdb8af74-11a0-41c7-9bd5-4d84b085f77a|2fe739f4-d8a3-495c-8aac-a5a969675747|destination|39817.0|外帶|||359|1249566444|1249566444
0fd868ee-18b7-4b90-bd2b-f7984e613301|2fe739f4-d8a3-495c-8aac-a5a969675747|cash|39817.0||||367|1249566444|1249566444
c8095c82-5bce-4b29-894c-faef9e5d0fa9|26be63c3-adb2-4f97-a358-06c2397d1168|destination|7008.0|外帶|||76|1249630879|1249630879
04842baa-8991-4141-a8da-74eaae068e07|26be63c3-adb2-4f97-a358-06c2397d1168|cash|7008.0||||80|1249630879|1249630879
859c7be9-a3ad-4de4-85c8-98694cc6d092|ac3c63b4-0d91-4aea-837e-0df1a3a529db|destination|15771.0|外帶|||192|1249653844|1249653844
1a8471e7-e5f6-4119-b271-b8862d938707|ac3c63b4-0d91-4aea-837e-0df1a3a529db|cash|15771.0||||196|1249653844|1249653844
1a71e4fa-b61f-4c18-bf3f-164f3df40d05|1c77d455-0b1d-4a27-85eb-142f56123562|destination|6306.0|外帶|||112|1249716898|1249716898
488c6238-4ade-479e-8c26-10276544b38e|1c77d455-0b1d-4a27-85eb-142f56123562|cash|6306.0||||120|1249716898|1249716898
a48bafdd-79a4-4538-bfd4-29df1babe7ab|34d319be-02b8-4b1b-90d5-5271a530d602|destination|13183.0|外帶|||221|1249739793|1249739793
149664d1-b7e1-4a00-b453-2e11456379f3|34d319be-02b8-4b1b-90d5-5271a530d602|cash|13183.0||||221|1249739793|1249739793
539dbd81-f0a1-45cf-8fb7-ac59453f2eec|693bb478-67a3-4e7b-b6a1-6c1927065108|destination|8807.0|外帶|||151|1249803169|1249803169
2ba48ad4-6778-4f11-848a-d09727862f76|693bb478-67a3-4e7b-b6a1-6c1927065108|cash|8807.0||||157|1249803169|1249803169
e919c0d4-ad37-4db7-b977-217bbfdc37c0|748518b6-8af3-46e5-ad6c-f88dae5a36f5|destination|50.0|內用|||1|1249826683|1249826683
8e149b2f-0338-4f5e-abe7-156c053816b7|748518b6-8af3-46e5-ad6c-f88dae5a36f5|destination|13479.0|外帶|||215|1249826683|1249826683
4a7a4618-9395-4c53-9c40-5797f8e78343|748518b6-8af3-46e5-ad6c-f88dae5a36f5|cash|13529.0||||222|1249826683|1249826683
917b4605-153a-4c8a-a9c5-891da76ebc8d|748518b6-8af3-46e5-ad6c-f88dae5a36f5|coupon|0.0|抵用券|0.0||2|1249826683|1249826683
f27891aa-8541-4dde-a001-26888a0251d7|6109e494-5c65-4914-97f4-1105be6b1975|destination|4369.0|外帶|||92|1249873936|1249873936
63e474e3-da0a-4a09-93c1-0ed5303ba2a4|6109e494-5c65-4914-97f4-1105be6b1975|cash|3719.0||||88|1249873936|1249873936
702d1844-ea90-4bb4-9ab2-392f9b046486|6109e494-5c65-4914-97f4-1105be6b1975|coupon|650.0|抵用券|0.0||13|1249873936|1249873936
50cdc0a2-cb4e-449f-948f-2d77cad2990e|8f6f1a68-0f3f-4880-8bc4-7077d6472b56|destination|4084.0|外帶|||65|1249889064|1249889064
d29bdee1-a330-42ac-a783-9b44a2a51414|8f6f1a68-0f3f-4880-8bc4-7077d6472b56|cash|3684.0||||63|1249889064|1249889064
44fb3866-9622-4b1f-abc9-556b06e25bc9|8f6f1a68-0f3f-4880-8bc4-7077d6472b56|coupon|400.0|抵用券|0.0||8|1249889064|1249889064
d05ecced-71e7-4d1f-b9f1-fb4214231979|bfa20d6d-4515-4fb1-be80-948c5dd5ffc3|destination|14708.0|外帶|||228|1249912458|1249912458
87d748d7-04b5-4319-bde5-034e15fa10e6|bfa20d6d-4515-4fb1-be80-948c5dd5ffc3|cash|12418.0||||215|1249912458|1249912458
0117cd63-458b-4e26-b826-8512b9e2afc7|bfa20d6d-4515-4fb1-be80-948c5dd5ffc3|coupon|2300.0|抵用券|10.0||46|1249912458|1249912458
d56f2a7f-7f7a-4bc6-a85d-e2a4ec5734d4|6379e887-f96c-46a3-908e-ee115b14be67|destination|3745.0|外帶|||82|1249958818|1249958818
34338d83-1425-42d9-a9e8-46b25b56771a|6379e887-f96c-46a3-908e-ee115b14be67|cash|3445.0||||83|1249958818|1249958818
fc86888c-4589-4430-9733-00656488f142|6379e887-f96c-46a3-908e-ee115b14be67|coupon|300.0|抵用券|0.0||6|1249958818|1249958818
fa18efc5-03d5-4c75-9a7a-67c4a9d1526a|9cd5b236-077f-4512-ad1e-e0801a78ae30|destination|7444.0|外帶|||126|1249977677|1249977677
54a8ac7f-7af2-497d-9233-869c542ce1b5|9cd5b236-077f-4512-ad1e-e0801a78ae30|cash|6894.0||||124|1249977677|1249977677
05936d75-9e2a-4e95-abe4-4f6c3a798b97|9cd5b236-077f-4512-ad1e-e0801a78ae30|coupon|550.0|抵用券|0.0||11|1249977677|1249977677
37ef3cc8-0054-48a3-ad86-9df8be13627d|ee57ffd8-a0a4-4c11-9ced-73cea2a1318f|destination|17842.0|外帶|||261|1249999206|1249999206
0f44853c-9486-4b8a-b34d-52221ba1d34e|ee57ffd8-a0a4-4c11-9ced-73cea2a1318f|cash|15492.0||||253|1249999206|1249999206
67f400ff-653d-4027-a9b4-2cca56574cae|ee57ffd8-a0a4-4c11-9ced-73cea2a1318f|coupon|2350.0|抵用券|0.0||47|1249999206|1249999206
bc5ca1de-c9df-4e10-a0e2-8ee1202b79d0|759aede1-7fcc-4a47-9b30-3e14d0b679e5|destination|3767.0|外帶|||88|1250044117|1250044117
87750ec8-7850-4918-83a4-d47338c2ce5c|759aede1-7fcc-4a47-9b30-3e14d0b679e5|cash|3217.0||||83|1250044117|1250044117
d5ac2187-db9f-4fc2-9e03-40de2694578e|759aede1-7fcc-4a47-9b30-3e14d0b679e5|coupon|550.0|抵用券|0.0||11|1250044117|1250044117
e47afc36-8832-4081-b95f-9cd604f60f14|6b162cf5-77d3-49a6-ad28-7aed50b449fb|destination|7604.0|外帶|||132|1250065398|1250065398
985807fb-991d-42e1-bbba-b2f9e4119bd0|6b162cf5-77d3-49a6-ad28-7aed50b449fb|cash|7154.0||||134|1250065398|1250065398
636f80d2-7942-4f23-a688-ea0b8551b346|6b162cf5-77d3-49a6-ad28-7aed50b449fb|coupon|450.0|抵用券|0.0||9|1250065398|1250065398
9221fefd-1ebc-4686-a8e6-593833e3d2d7|34d79ede-dc6c-4fcb-9cf8-f852df0f395b|destination|12784.0|外帶|||221|1250085748|1250085748
cfd4ab82-e682-42d8-9707-911eb435c0aa|34d79ede-dc6c-4fcb-9cf8-f852df0f395b|cash|12784.0||||229|1250085748|1250085748
e87e4279-4bdd-4de8-9d6e-a37f4e5da32a|8b16a005-2150-4565-9ecc-6f70a649ff55|destination|3971.0|外帶|||96|1250131247|1250131247
cd1e2ad4-b7ce-42a1-87d4-d86279e6a62b|8b16a005-2150-4565-9ecc-6f70a649ff55|cash|3971.0||||96|1250131247|1250131247
5e5677ae-9ae0-4b37-9acb-c3099e1561f9|3e4d150a-aa7f-4ccf-8ec3-55088fb257ee|destination|7605.0|外帶|||127|1250148957|1250148957
13355dc7-7548-49f4-ac00-5aa3d8c8d4fc|3e4d150a-aa7f-4ccf-8ec3-55088fb257ee|cash|7605.0||||129|1250148957|1250148957
3924a20e-6671-4dfd-9855-1f11c4d71671|c4f20c3f-714c-452c-9501-36adbc4ee625|destination|15151.0|外帶|||270|1250172472|1250172472
af010c62-3ebb-49bd-b7ce-b728494dcfe5|c4f20c3f-714c-452c-9501-36adbc4ee625|cash|14876.0||||271|1250172472|1250172472
b4b3c07e-1271-469d-8e9b-12dd055da232|fa2278d8-aa93-4c37-b4d8-a7d3252b314d|destination|3850.0|外帶|||85|1250217353|1250217353
04bd243d-c888-4437-9751-5cc818798d51|fa2278d8-aa93-4c37-b4d8-a7d3252b314d|cash|3850.0||||85|1250217353|1250217353
44037800-e7b0-4bdc-bd77-2bd7877c58e5|9372fd7d-2ab0-486a-ad46-5d019c537504|destination|6487.0|外帶|||119|1250235327|1250235327
4b3205ac-be15-4fa9-9f6a-95e2856addeb|9372fd7d-2ab0-486a-ad46-5d019c537504|cash|6487.0||||125|1250235327|1250235327
ed82cb83-8d3d-4fa4-bb5c-f8929ff9c9ed|9dac69f5-8175-40af-8453-1d4fd06f777b|destination|65.0|內用|||1|1250258942|1250258942
50291ed8-de9c-496e-9dfc-c7368a0c69ec|9dac69f5-8175-40af-8453-1d4fd06f777b|destination|19901.0|外帶|||321|1250258942|1250258942
8f883341-64c9-4737-bc75-4656de871e97|9dac69f5-8175-40af-8453-1d4fd06f777b|cash|19966.0||||324|1250258942|1250258942
c4a5594d-6d2d-43ca-97b1-0e0e838c05d8|eb9ce4e7-43b6-4399-a6c3-81b7b24d2c1c|destination|11109.0|外帶|||181|1250322619|1250322619
9cb47a88-9853-4445-8a16-312d8beb3f23|eb9ce4e7-43b6-4399-a6c3-81b7b24d2c1c|cash|11109.0||||185|1250322619|1250322619
16bdfd61-690f-4d02-9d0d-c0a38048ff45|c7af8f25-676d-463d-aea8-cb3e7807ec1a|destination|16919.0|外帶|||273|1250344321|1250344321
312a863e-3f57-4bc4-85a3-4e87c265a68f|c7af8f25-676d-463d-aea8-cb3e7807ec1a|cash|16919.0||||279|1250344321|1250344321
6fa5d8bf-d37f-4ca7-af3c-ba2558af6728|84e3dd11-bc72-4027-84c1-7cc8e7fe7537|destination|4757.0|外帶|||92|1250406754|1250406754
377e1296-dd7c-4a07-a9e8-a350eb766b4b|84e3dd11-bc72-4027-84c1-7cc8e7fe7537|cash|4757.0||||98|1250406754|1250406754
0e58b339-0af5-4c13-ac85-c2abf28f4482|f2735684-b5c5-4047-8b0c-3e1a5a13ee98|destination|12700.0|外帶|||217|1250430877|1250430877
4b7829b3-b66c-49c1-b40a-d33e9dbac572|f2735684-b5c5-4047-8b0c-3e1a5a13ee98|cash|12700.0||||219|1250430877|1250430877
949b6cc4-8c6e-490c-820b-67dee70e955e|fc916ecf-1897-4763-bf0d-5d4d52b6768d|destination|3493.0|外帶|||81|1250475937|1250475937
c0962f29-6b9f-4cc4-a9c0-50acee3d4949|fc916ecf-1897-4763-bf0d-5d4d52b6768d|cash|3493.0||||89|1250475937|1250475937
4f241e54-4f34-422f-ac1a-07f5c1b2b3b5|f039cde4-94ef-4ec9-98db-cf3175efedce|destination|5149.0|外帶|||104|1250496593|1250496593
054894d8-2cd2-403f-92b2-8bfaf6e1e885|f039cde4-94ef-4ec9-98db-cf3175efedce|cash|5149.0||||104|1250496593|1250496593
29aece73-8adb-4482-a315-c5d15f022c77|9ff80f8e-845b-4e9c-a14e-9c61f9776a68|destination|25.0|內用|||1|1250515543|1250515543
504c4a5e-7f62-46a3-8a64-d5aca492221e|9ff80f8e-845b-4e9c-a14e-9c61f9776a68|destination|12760.0|外帶|||213|1250515543|1250515543
0230706b-dba7-4509-8449-9ff77fba279d|9ff80f8e-845b-4e9c-a14e-9c61f9776a68|cash|12785.0||||214|1250515543|1250515543
f7bfa4f0-8b77-4d14-a761-0721f1c4bee5|a2791c01-f6c1-4d2b-b6f3-15b236017e30|destination|4638.0|外帶|||98|1250564556|1250564556
cac43c84-5d89-4379-b040-72a36d40d8f7|a2791c01-f6c1-4d2b-b6f3-15b236017e30|cash|4638.0||||98|1250564556|1250564556
f27323ad-87a8-4281-b0db-bda1897bfd56|218fb667-d9d6-4c65-8fc3-039727a86c25|destination|4632.0|外帶|||94|1250581170|1250581170
a62d8c5e-a18e-4138-af08-74acbc902e58|218fb667-d9d6-4c65-8fc3-039727a86c25|cash|4632.0||||99|1250581170|1250581170
5e20164c-8bba-45ec-9758-e7a6a1175328|ecc02b0d-34af-4a39-8d6c-06cd74ecc7cb|destination|17743.0|外帶|||278|1250604221|1250604221
18d282b1-e144-4517-ad55-6a9c821f1ded|ecc02b0d-34af-4a39-8d6c-06cd74ecc7cb|cash|17743.0||||280|1250604221|1250604221
e466cf2a-cc27-4ac1-8cf9-41adfd5e9da3|20365eb0-2b9f-445a-82f5-425b8f77f265|destination|5514.0|外帶|||117|1250650780|1250650780
e71c5e1d-4369-473c-a73d-eceb9804ce8f|20365eb0-2b9f-445a-82f5-425b8f77f265|cash|5514.0||||117|1250650780|1250650780
43bf8a54-24ef-402d-9d25-0151f5a1a409|061ee7cc-fb3e-4adf-adf6-928842ad536b|destination|5639.0|外帶|||97|1250668205|1250668205
35770468-114f-4eec-af6f-a5887e072cc3|061ee7cc-fb3e-4adf-adf6-928842ad536b|cash|5639.0||||99|1250668205|1250668205
f41037db-45e9-4eae-adcc-f8e9fde48624|58660de9-2c1c-4650-a184-c13b1b9a4871|destination|15219.0|外帶|||251|1250691057|1250691057
8317f128-a6c4-4c3b-8e37-b9d1c4f0af94|58660de9-2c1c-4650-a184-c13b1b9a4871|cash|15219.0||||257|1250691057|1250691057
4a907074-30c0-43ba-8dd7-b5a5e53701dc|4f855f1d-6de7-4779-9f9e-f8efefa1ffc6|destination|2790.0|外帶|||61|1250735074|1250735074
4471fe2a-43ce-4556-9323-52379bab87da|4f855f1d-6de7-4779-9f9e-f8efefa1ffc6|cash|2790.0||||61|1250735074|1250735074
d9b148e6-9db5-4099-a465-8b28a89183ba|bb27dd52-474b-42eb-8cf6-aebf9015a28d|destination|5918.0|外帶|||106|1250753998|1250753998
2252ab66-a03f-4404-ab6c-64d0d190e4e5|bb27dd52-474b-42eb-8cf6-aebf9015a28d|cash|5918.0||||110|1250753998|1250753998
fc5684ea-6b22-4bb5-8698-c6ec834279b0|401276da-0c7f-468b-ba4b-56bc6f174f0c|destination|17129.0|外帶|||262|1250777870|1250777870
30ca03b7-b5df-4f30-a0a3-2865ce9f636a|401276da-0c7f-468b-ba4b-56bc6f174f0c|cash|17129.0||||268|1250777870|1250777870
e92bc936-ea6b-44bf-9e2d-6eb1ee67cbad|5b93fc6f-1b39-45da-9d0c-0cf210c69b75|destination|25.0|內用|||1|1250823219|1250823219
291efc99-2a88-44c1-a4ba-9c97cdbab457|5b93fc6f-1b39-45da-9d0c-0cf210c69b75|destination|4196.0|外帶|||87|1250823219|1250823219
9de4aed0-e7c1-442f-aff0-e04ca8e45425|5b93fc6f-1b39-45da-9d0c-0cf210c69b75|cash|4221.0||||92|1250823219|1250823219
9a26ad4d-c8f6-49a7-94ed-46dedfc67df7|95fb45d5-33c8-409d-afc3-16f660322c8f|destination|3731.0|外帶|||71|1250840023|1250840023
6cb01e39-db45-4a70-a3f0-2d9ccb706924|95fb45d5-33c8-409d-afc3-16f660322c8f|cash|3731.0||||71|1250840023|1250840023
a3888be7-6942-4d17-8a8b-781263f7715f|9dd74ae0-46e1-41ff-a2b4-23cd1cfe418a|destination|100.0|內用|||1|1250864112|1250864112
30d59ed4-6a34-47a6-a6c1-77895465ee19|9dd74ae0-46e1-41ff-a2b4-23cd1cfe418a|destination|22239.0|外帶|||340|1250864112|1250864112
f9423492-6adf-43ee-bf5a-be9f20c967c0|9dd74ae0-46e1-41ff-a2b4-23cd1cfe418a|cash|22339.0||||347|1250864112|1250864112
5445c61a-91c3-4968-b0d5-f4ac40d3d5d2|53e15a62-0d94-4152-b925-1d3122452c55|destination|6186.0|外帶|||121|1250926375|1250926375
a9ac1d79-51d9-46d5-a452-10378781a995|53e15a62-0d94-4152-b925-1d3122452c55|cash|6186.0||||127|1250926375|1250926375
0a4d964a-2dc5-4f14-b683-17ecce52dad2|cb60d392-7e36-4b27-8a5b-59b52b94dafa|destination|36.0|內用|||1|1250949620|1250949620
fd6233c3-4cda-430b-8d50-cf115c1a1f0d|cb60d392-7e36-4b27-8a5b-59b52b94dafa|destination|17356.0|外帶|||290|1250949620|1250949620
1f5edfd6-1278-48cf-bfe5-1ca3236a25b5|cb60d392-7e36-4b27-8a5b-59b52b94dafa|cash|17392.0||||299|1250949620|1250949620
81fa0804-a540-4dd4-8be6-cfc23774cb49|0b868a30-0e98-43d6-b31d-523fad3f8eb5|destination|6551.0|外帶|||111|1251011654|1251011654
13fba045-bf4d-4636-9b58-015c20d1a0bd|0b868a30-0e98-43d6-b31d-523fad3f8eb5|cash|6551.0||||113|1251011654|1251011654
81e4706c-2b31-45d1-be30-e8a1140c461d|d2bdd617-2f23-4914-9575-0141b9c89b98|destination|11908.0|外帶|||215|1251036635|1251036635
5a10d149-d756-4611-a733-b8e7732060b0|d2bdd617-2f23-4914-9575-0141b9c89b98|cash|11908.0||||219|1251036635|1251036635
ec1ce499-255d-4ba3-841f-3b240b9dd8ee|29bba262-9c76-42fc-8abf-26df3a4aa6fc|destination|2965.0|外帶|||74|1251081138|1251081138
4e9a0689-1a70-44d0-8c06-88c025595a9b|29bba262-9c76-42fc-8abf-26df3a4aa6fc|cash|2965.0||||78|1251081138|1251081138
6a398d61-d8eb-4fce-a355-b39be87f4957|d0f1487d-1aa2-41ba-b03d-ccdba7263f12|destination|6148.0|外帶|||88|1251098977|1251098977
a1a2a147-2b9b-41be-bdd8-246166cf6da7|d0f1487d-1aa2-41ba-b03d-ccdba7263f12|cash|6148.0||||90|1251098977|1251098977
1c4b80b2-5795-45a0-a549-5306729877d1|6a0874ea-d7f1-405b-9e8a-d6366fb56035|destination|12778.0|外帶|||211|1251120985|1251120985
b72a9840-488f-447f-8c04-163455f1f55b|6a0874ea-d7f1-405b-9e8a-d6366fb56035|cash|12778.0||||211|1251120985|1251120985
00310dfa-e278-4be6-aeef-957a5faa1df0|ee6922ce-f3d6-43cd-9e15-5f6693ea12cb|destination|4126.0|外帶|||96|1251167801|1251167801
755a3551-9f47-40cb-986c-b4809c835933|ee6922ce-f3d6-43cd-9e15-5f6693ea12cb|cash|4126.0||||96|1251167801|1251167801
11bcbfed-2eba-4d75-8477-204811f1e014|9c4d1c59-b5fc-4d63-b02f-7601f3093446|destination|6039.0|外帶|||107|1251185952|1251185952
f49c5cc3-a89e-40c6-acb0-a5c0c6556ad0|9c4d1c59-b5fc-4d63-b02f-7601f3093446|cash|6039.0||||109|1251185952|1251185952
57d2ee5c-3e1b-41c9-bf59-76f06417c421|526de671-a1d7-4a09-b2df-38dc6006bfac|destination|13204.0|外帶|||204|1251209337|1251209337
9e729208-38e8-46b7-b702-d71dc0f8a975|526de671-a1d7-4a09-b2df-38dc6006bfac|cash|13204.0||||208|1251209337|1251209337
137f8dc8-4805-4018-a28d-344fa4e5f7bd|c7b0df08-29ce-4d94-96c4-5aaf1a33c3c4|destination|3494.0|外帶|||82|1251254000|1251254000
6015f404-d50a-4dfe-b181-47cf78f32b2a|c7b0df08-29ce-4d94-96c4-5aaf1a33c3c4|cash|3494.0||||84|1251254000|1251254000
2c7905a4-7296-4be7-8df0-2528ab068919|8315f341-1a03-4fff-80ce-df5c38346bb4|destination|5011.0|外帶|||99|1251273543|1251273543
90f8e241-450e-48f4-9b9f-719c33638932|8315f341-1a03-4fff-80ce-df5c38346bb4|cash|5011.0||||102|1251273543|1251273543
db7b0507-3d5a-4323-b971-e6c676ed6c2e|598d5f3e-fc3f-41d3-a339-f0d0f98c8294|destination|13034.0|外帶|||212|1251295453|1251295453
ae3c8d19-50d2-42fe-9487-c03b3d2bf577|598d5f3e-fc3f-41d3-a339-f0d0f98c8294|cash|13034.0||||212|1251295453|1251295453
c9d26598-9adf-47fd-b16d-5fe858e33710|02e3f7c0-46a7-4179-9b8e-d9c400687ce5|destination|3453.0|外帶|||75|1251340701|1251340701
ee817787-c72a-4067-b1c6-5d84768b31bb|02e3f7c0-46a7-4179-9b8e-d9c400687ce5|cash|3453.0||||75|1251340701|1251340701
8efe19e8-760d-4b91-858e-fd0f1adbf635|68c50772-ca48-4e17-9d19-7fde4a5bc2ae|destination|3691.0|外帶|||82|1251357745|1251357745
dc1410cd-d183-4772-9e57-12b93524ccf9|68c50772-ca48-4e17-9d19-7fde4a5bc2ae|cash|3691.0||||84|1251357745|1251357745
71062da7-f73c-4964-a208-afcc388b0fcd|4e2e6f91-08eb-4149-a455-8e829328b13a|destination|17333.0|外帶|||269|1251382438|1251382438
5bef0526-8bb2-4f72-9616-16cff3b5d612|4e2e6f91-08eb-4149-a455-8e829328b13a|cash|17333.0||||273|1251382438|1251382438
95994f9d-b216-4922-9cd1-188a16270177|fca53192-37ee-4c86-ad1c-bd195e62756b|destination|3255.0|外帶|||79|1251427071|1251427071
c9442181-2db3-40c9-89ca-b82f9df719b8|fca53192-37ee-4c86-ad1c-bd195e62756b|cash|3255.0||||83|1251427071|1251427071
5c34523b-300f-4f39-9697-f5855b13f7bb|ff3125b4-9c98-4afc-8bcf-01a9c11f9ffb|destination|6160.0|外帶|||122|1251447052|1251447052
15c6554d-4854-47ee-ad9a-19b7ee7be6b4|ff3125b4-9c98-4afc-8bcf-01a9c11f9ffb|cash|6160.0||||130|1251447052|1251447052
7e9b3fed-5757-46e9-8ef1-9085bee7da72|ad20747a-3700-4f62-91d5-8933150815d7|destination|10248.0|外帶|||176|1251469086|1251469086
df06210b-96eb-4f13-8e3a-ff2ba05d8153|ad20747a-3700-4f62-91d5-8933150815d7|cash|10248.0||||178|1251469086|1251469086
a64a64b9-7ffe-4347-93fd-4944eadbe08a|9702051c-2edc-4ebd-bb94-87d50b7e9180|destination|7158.0|外帶|||138|1251533778|1251533778
32a27543-5f8b-401d-b439-74fbea8d2634|9702051c-2edc-4ebd-bb94-87d50b7e9180|cash|7158.0||||145|1251533778|1251533778
dec8edb7-f84f-4af4-b69d-b64b69a2ef1c|38bc1cfc-6bc8-4846-bfe9-4693ad8fa04d|destination|8785.0|外帶|||140|1251555515|1251555515
5494c89e-e3d0-402f-8634-c82f295bbb46|38bc1cfc-6bc8-4846-bfe9-4693ad8fa04d|cash|8785.0||||143|1251555515|1251555515
3bbafc17-b7d0-4a88-b702-1f2ae652ce90|b562a30f-f26f-46eb-b50c-6f31599aefbd|destination|4936.0|外帶|||100|1251616617|1251616617
6a116046-cc88-47ca-b09f-680a94bee653|b562a30f-f26f-46eb-b50c-6f31599aefbd|cash|4936.0||||102|1251616617|1251616617
931c4a89-346d-436f-8057-082a09d51760|56a20a3c-e73b-482e-bc88-8c5979229c1d|destination|8615.0|外帶|||161|1251641540|1251641540
93335762-b92c-425c-b106-b9dce8d8f7c1|56a20a3c-e73b-482e-bc88-8c5979229c1d|cash|8615.0||||165|1251641540|1251641540
265a6d72-1c36-44de-81c3-6cd68050ab0b|9923fbc2-1772-42f6-b90e-90bb950820d4|destination|3639.0|外帶|||87|1251685170|1251685170
88b30a46-446b-47cf-8df6-7142d3518a49|9923fbc2-1772-42f6-b90e-90bb950820d4|cash|3639.0||||87|1251685170|1251685170
6f0680a1-e921-4b7b-9f88-b6b2e63eef61|cbf877d9-06e4-4058-8103-8e70638bf0df|destination|5191.0|外帶|||83|1251705318|1251705318
6caa7bf5-d388-4a1c-8995-9d93e75272bc|cbf877d9-06e4-4058-8103-8e70638bf0df|cash|5191.0||||85|1251705318|1251705318
0bdef21d-b463-4af7-bb6e-c2e189a8920e|5f7e38c4-3bd7-4ba7-8e7d-99ca7b80a643|destination|8235.0|外帶|||155|1251726394|1251726394
370d4d8d-8c58-4d65-9b95-76789d2848af|5f7e38c4-3bd7-4ba7-8e7d-99ca7b80a643|cash|8235.0||||157|1251726394|1251726394
5319bc06-30bb-462b-ab4a-5f7f8c43bb23|70fc4012-ca52-4a81-9b34-0e3b77956e3e|destination|2640.0|外帶|||69|1251773720|1251773720
546dc0a4-be0a-45bd-afbf-3d27b5e6f620|70fc4012-ca52-4a81-9b34-0e3b77956e3e|cash|2640.0||||69|1251773720|1251773720
2a6653de-2bc8-4b3c-8c0b-178b4aa70b05|043a14d2-f0ee-471e-a5d3-aa9756883b78|destination|3196.0|外帶|||57|1251789380|1251789380
ba522972-3740-4395-9b68-0c831bee7ca2|043a14d2-f0ee-471e-a5d3-aa9756883b78|cash|3196.0||||60|1251789380|1251789380
538acb26-c138-4647-adbd-0c166fb3778b|eab0119e-ae5e-4d7e-a2fa-f82bf6626a23|destination|10080.0|外帶|||165|1251814014|1251814014
aa6f36c3-4345-44a0-ae3b-9f0acd630ac6|eab0119e-ae5e-4d7e-a2fa-f82bf6626a23|cash|10080.0||||173|1251814014|1251814014
d085e4b7-e6ce-415e-a0b7-28ae1ae51107|8b47a802-1353-41fb-824b-84cdd48387a2|destination|2650.0|外帶|||66|1251859009|1251859009
d93b6123-6474-4d50-9dd9-3ab1d03c89b5|8b47a802-1353-41fb-824b-84cdd48387a2|cash|2650.0||||68|1251859009|1251859009
d83d963b-d695-4955-82ed-48858b99634b|575d5680-3518-491c-a067-98a5ee626da7|destination|3889.0|外帶|||64|1251875148|1251875148
4145965d-fd40-464b-918c-f67ff2fa5839|575d5680-3518-491c-a067-98a5ee626da7|cash|3889.0||||64|1251875148|1251875148
2814745a-4458-4d7f-9417-0763af366026|1b9f6b49-68c1-4e2a-9195-c7935d215b0e|destination|9279.0|外帶|||149|1251900428|1251900428
c54307dc-cede-422c-802f-184c9aebe47e|1b9f6b49-68c1-4e2a-9195-c7935d215b0e|cash|9279.0||||156|1251900428|1251900428
dc368cb0-fd55-43b8-b4d9-a16cd590c1c9|5ccb33c3-ca73-474e-990d-b47a68d6a93e|destination|3188.0|外帶|||66|1251945006|1251945006
91b297bd-c58c-46c5-8236-a005de5be335|5ccb33c3-ca73-474e-990d-b47a68d6a93e|cash|3188.0||||66|1251945006|1251945006
e081be68-ce73-4491-a15a-b43fcbe09211|5bd88a21-ee3f-497f-add2-8fe4ebe0635d|destination|3467.0|外帶|||56|1251961755|1251961755
ec78e380-e6f1-4851-a534-5ba87ea9a671|5bd88a21-ee3f-497f-add2-8fe4ebe0635d|cash|3467.0||||56|1251961755|1251961755
34be8513-24ca-4bdd-835b-88af47d9159b|bf2b71cf-3d95-4b1d-8b8f-4a67cd175f63|destination|8481.0|外帶|||133|1251986399|1251986399
b512e0a7-ebae-4d09-9329-907e726b2814|bf2b71cf-3d95-4b1d-8b8f-4a67cd175f63|cash|8531.0||||137|1251986399|1251986399
6ef58956-1fe1-4ac0-acb2-34d565845f66|66a6399a-8fbe-4646-9b09-9a96fc93f2bb|destination|2961.0|外帶|||67|1252030943|1252030943
3f72a339-ef98-4e89-8271-37a82748b25e|66a6399a-8fbe-4646-9b09-9a96fc93f2bb|cash|2961.0||||67|1252030943|1252030943
e74b0eb0-cd4b-4a0e-98bd-420cd70d66db|e20c2be4-4345-441a-99fe-c765c9f840e1|destination|4633.0|外帶|||77|1252048541|1252048541
a19eca45-7a48-4d02-9309-158f9550cb16|e20c2be4-4345-441a-99fe-c765c9f840e1|cash|4633.0||||80|1252048541|1252048541
0350acbc-4090-4f37-9dce-3434fce915f7|14f93d77-788f-4499-92af-2826c8f306f1|destination|12763.0|外帶|||194|1252073048|1252073048
d137be72-3988-4dfb-b7c7-c3c634624e67|14f93d77-788f-4499-92af-2826c8f306f1|cash|12888.0||||197|1252073048|1252073048
f3261a2c-a718-4e7a-925d-cbd20985b74f|b6f7c675-46a4-4a51-8311-42a2eebe9c73|destination|5702.0|外帶|||103|1252134522|1252134522
d2119e98-7ef9-41a0-8298-fc3edc0a23ee|b6f7c675-46a4-4a51-8311-42a2eebe9c73|cash|5702.0||||105|1252134522|1252134522
afe3d330-ac69-4ab0-84ce-1580dd11cf50|bd55e3ae-dfc5-4c52-bf53-07545c319f92|destination|110.0|內用|||1|1252159927|1252159927
53d03cc9-d92a-4856-affe-fc2b0df02119|bd55e3ae-dfc5-4c52-bf53-07545c319f92|destination|14495.0|外帶|||240|1252159927|1252159927
90abb45b-707d-46c5-893a-a4912360408d|bd55e3ae-dfc5-4c52-bf53-07545c319f92|cash|14605.0||||247|1252159927|1252159927
08581e06-8240-408c-bc09-b5775b37c892|f31fd6e5-6fc3-477a-9d71-80d66ba31507|destination|4389.0|外帶|||87|1252221238|1252221238
10fa5000-9677-48ee-be12-c31f0884eeea|f31fd6e5-6fc3-477a-9d71-80d66ba31507|cash|4389.0||||89|1252221238|1252221238
77368381-5447-4fb8-811c-42ce402967e3|a77435b9-48a7-4e83-a11a-c2c13062561d|destination|10912.0|外帶|||177|1252245632|1252245632
baba8dd3-e9be-48a6-8d55-cf3dcdc1ce15|a77435b9-48a7-4e83-a11a-c2c13062561d|cash|10912.0||||179|1252245632|1252245632
b5c7a5ea-6808-4325-9ad2-0a1ae3d995cb|61e29aed-1aaa-443f-b606-fd2a1e8139d1|destination|1774.0|外帶|||40|1252292212|1252292212
837aab7a-8672-466f-b23a-230c87c09503|61e29aed-1aaa-443f-b606-fd2a1e8139d1|cash|1774.0||||40|1252292212|1252292212
d35cc815-fc75-4acf-9179-8c2effb4664f|2538d739-6a5d-4c76-b40c-aaa98ee5cb20|destination|2629.0|外帶|||52|1252307157|1252307157
af36cc6f-ca9d-4aad-80dd-19ce419c50d2|2538d739-6a5d-4c76-b40c-aaa98ee5cb20|cash|2629.0||||56|1252307157|1252307157
1e224bd6-d060-41a1-bb41-b4977ef866fb|07fbedae-d7fc-4998-a216-7657d594512c|destination|10042.0|外帶|||149|1252331238|1252331238
e0fedd05-11f2-4cda-950b-4f9fed52cc00|07fbedae-d7fc-4998-a216-7657d594512c|cash|10042.0||||149|1252331238|1252331238
1d4b8225-7524-495a-b74d-907623819fc9|f5f8b57c-7870-44c0-8195-295b9b8fb113|destination|2830.0|外帶|||66|1252379003|1252379003
4fa3b9a2-48df-47d0-9e7b-89531c3d5e92|f5f8b57c-7870-44c0-8195-295b9b8fb113|cash|2830.0||||66|1252379003|1252379003
0e1302ce-9517-4df1-a522-96a274b599e1|fd3528fa-5e3b-49d8-9314-f0a7f88b9e4e|destination|5437.0|外帶|||86|1252395311|1252395311
59962ecc-f02e-4a97-99d6-da923710cb67|fd3528fa-5e3b-49d8-9314-f0a7f88b9e4e|cash|5437.0||||90|1252395311|1252395311
eee7fb94-516e-4f48-9ca0-1b4906b8528b|dce3eae2-1f44-4bb1-846a-aa5d35561bc0|destination|7816.0|外帶|||120|1252417759|1252417759
abdb2829-af6f-49fe-bfaf-e490edea5c3b|dce3eae2-1f44-4bb1-846a-aa5d35561bc0|cash|7816.0||||122|1252417759|1252417759
93885c0b-f7cf-4eae-9790-687aa5a3c6b2|607c7c85-a7bb-4d18-b651-4662d9ee8f46|destination|3154.0|外帶|||76|1252464274|1252464274
3da55da4-cd30-4dec-813c-018a5e7fd415|607c7c85-a7bb-4d18-b651-4662d9ee8f46|cash|3154.0||||76|1252464274|1252464274
c5cdc698-718f-41a5-9a1f-2dc6f9bdd167|7ee14fc8-3071-4e13-90b8-1d0a02df277c|destination|70.0|內用|||1|1252481017|1252481017
8d5915b8-9523-491a-8cf0-072ea9d3b122|7ee14fc8-3071-4e13-90b8-1d0a02df277c|destination|4612.0|外帶|||69|1252481017|1252481017
ccea531a-f979-4a5d-87d3-bf6fc5a2c1f2|7ee14fc8-3071-4e13-90b8-1d0a02df277c|cash|4682.0||||76|1252481017|1252481017
b1ec65df-6f91-45b9-8afd-06d7f191b2a6|69f91b25-cf1e-4076-a758-b1c50739cb11|destination|70.0|內用|||1|1252481263|1252481263
b7faff5b-4126-4e53-97c1-9f09385cbb06|69f91b25-cf1e-4076-a758-b1c50739cb11|destination|4612.0|外帶|||69|1252481263|1252481263
d6af454c-3399-4332-8c9f-792db0a399e2|69f91b25-cf1e-4076-a758-b1c50739cb11|cash|4682.0||||76|1252481263|1252481263
a7255a79-70b3-4d37-9d94-a756f8c69333|9a7f99b6-e397-428b-8999-d2f0b8ddff35|destination|12375.0|外帶|||191|1252505248|1252505248
056d5882-8baf-4599-be16-4dd55282d4c2|9a7f99b6-e397-428b-8999-d2f0b8ddff35|cash|12375.0||||197|1252505248|1252505248
b22240c2-3f07-47a6-a3d5-9b85ef4dfd5e|e14eac4d-594b-47a5-968e-6968346d0828|destination|3697.0|外帶|||72|1252550233|1252550233
054ac802-c741-4826-ae50-cb4439b162fa|e14eac4d-594b-47a5-968e-6968346d0828|cash|3697.0||||74|1252550233|1252550233
2e38b87f-4502-4a64-ace2-46d1fb535ce3|99fbe821-5c68-4111-a985-0a859081f042|destination|4193.0|外帶|||70|1252567665|1252567665
6648d988-7c3e-47fe-9dc4-fb1dd3fc4df4|99fbe821-5c68-4111-a985-0a859081f042|cash|4193.0||||72|1252567665|1252567665
7ec2ef48-08fc-4079-b28b-27468f84a5ec|246f3a56-9d83-4374-adea-c7b1b514c11a|destination|13204.0|外帶|||210|1252591052|1252591052
11f01ed7-afee-4537-bf71-2ec8601a4af3|246f3a56-9d83-4374-adea-c7b1b514c11a|cash|13204.0||||212|1252591052|1252591052
297f92c9-0a58-48df-b742-f6453ccdb817|80b93b35-faf7-454b-8cbf-be74272062ef|destination|3887.0|外帶|||77|1252637546|1252637546
44a4bc03-577d-4a07-8125-5050358021cb|80b93b35-faf7-454b-8cbf-be74272062ef|cash|3887.0||||79|1252637546|1252637546
878e2b4f-cb93-47ee-be94-f2b04daf4787|bb7e4bf7-2f27-49ed-81fa-37215e233378|destination|25.0|內用|||1|1252654682|1252654682
4f3db14e-e757-4964-acd9-3b27c9184c46|bb7e4bf7-2f27-49ed-81fa-37215e233378|destination|5687.0|外帶|||95|1252654682|1252654682
28e484a9-e794-4238-8006-8bade1f1d185|bb7e4bf7-2f27-49ed-81fa-37215e233378|cash|5712.0||||96|1252654682|1252654682
cd06ab94-034a-4c4b-92f6-3b50251dc2fc|b611c9af-a122-4cc5-8dab-1f21d8024072|destination|11974.0|外帶|||175|1252677826|1252677826
8cbcb444-f8a7-4539-801c-a98d8af04291|b611c9af-a122-4cc5-8dab-1f21d8024072|cash|11974.0||||181|1252677826|1252677826
a7b8d106-b29b-45e4-8e02-71bc9ad79d7d|0c76767a-ffdc-4c32-ae53-20bdb7621329|destination|5484.0|外帶|||91|1252740613|1252740613
ec4919be-63b1-4b2b-9cb4-89f08d638acc|0c76767a-ffdc-4c32-ae53-20bdb7621329|cash|5484.0||||93|1252740613|1252740613
8fe32869-7d15-4221-af8a-a88ecbbe8b64|913dd244-e9d5-4790-a6a4-0c4f59a830cf|destination|13032.0|外帶|||191|1252764128|1252764128
07c75190-7f1e-4b5b-a45a-a4eeeab4efc2|913dd244-e9d5-4790-a6a4-0c4f59a830cf|cash|13032.0||||197|1252764128|1252764128
c971f5f1-f965-4dab-acfc-56a62f7ccff5|8d060be3-5816-469d-836f-6f927cff9794|destination|6437.0|外帶|||116|1252827208|1252827208
1c0239c3-2be7-4231-8555-1d02ecf7920a|8d060be3-5816-469d-836f-6f927cff9794|cash|6437.0||||122|1252827208|1252827208
62f43d0f-be61-468c-b779-375a0d3bc265|d11d943c-5403-4309-8e7f-c20040a1e1d4|destination|11849.0|外帶|||186|1252850572|1252850572
b3b4f2f8-b656-4e95-91f7-3f40966a5a82|d11d943c-5403-4309-8e7f-c20040a1e1d4|cash|11849.0||||192|1252850572|1252850572
52fccf81-a236-4141-8ebf-ed536c898d87|0c9d5e8d-da14-4b0d-8c17-bc50bbe581ff|destination|3510.0|外帶|||80|1252896476|1252896476
89793bd9-a6f6-407e-8f17-b2238061756f|0c9d5e8d-da14-4b0d-8c17-bc50bbe581ff|cash|3510.0||||80|1252896476|1252896476
1ce8df27-de91-4759-887e-25813b3dd2d4|cb302b7c-054f-4e09-bda0-c399459d171d|destination|3016.0|外帶|||56|1252912276|1252912276
88e28d7d-858b-44c2-a387-27913e1ee30c|cb302b7c-054f-4e09-bda0-c399459d171d|cash|3016.0||||56|1252912276|1252912276
7276edc1-1a40-4546-b31b-579d65b0686c|90915106-95eb-4518-a9ef-15133024e8b4|destination|12660.0|外帶|||182|1252936902|1252936902
35019baa-e7c5-4e03-8963-ff82238c53cb|90915106-95eb-4518-a9ef-15133024e8b4|cash|12660.0||||182|1252936902|1252936902
bd0986b1-d0a0-4fb9-8575-6896c5310ac1|a297619d-2a0e-485c-a0e7-5cea89b3f3c4|destination|3768.0|外帶|||78|1252981750|1252981750
11984a94-ed11-4125-9ee2-2e4195a74d25|a297619d-2a0e-485c-a0e7-5cea89b3f3c4|cash|3768.0||||80|1252981750|1252981750
b819527a-7fc7-4318-b5ba-272930fc4427|6e73e125-bab6-4e81-89c9-1c185fb88bb7|destination|5459.0|外帶|||104|1252999585|1252999585
c3f51895-5e3d-4184-b080-4dffcad5ae5d|6e73e125-bab6-4e81-89c9-1c185fb88bb7|cash|5459.0||||108|1252999585|1252999585
7f55c636-3529-4cff-ab9d-b40c3e8a3323|d2c352c9-4794-4a56-9192-1a2313eb9d13|destination|11200.0|外帶|||180|1253023533|1253023533
e25d64d5-7d8b-4a37-a862-4be8d5226d1b|d2c352c9-4794-4a56-9192-1a2313eb9d13|cash|11200.0||||184|1253023533|1253023533
522bf340-a0c3-4f12-8a0c-a9d45cddb35b|8efeef40-d3f2-4425-bd8f-08b723c1b085|destination|3355.0|外帶|||73|1253068647|1253068647
e96ebc80-8544-46e1-a515-787efbc7d759|8efeef40-d3f2-4425-bd8f-08b723c1b085|cash|3355.0||||73|1253068647|1253068647
e4f4015d-c5c3-406b-bbd1-a24c942c20e4|8a5d7d6d-4829-4225-8514-469d5ec60ab9|destination|4951.0|外帶|||74|1253086323|1253086323
0159323c-976b-40d9-b87b-25968478f120|8a5d7d6d-4829-4225-8514-469d5ec60ab9|cash|4951.0||||74|1253086323|1253086323
2e17af13-249f-48e9-a280-c304a713ab99|c0a73e68-999b-4962-873a-23897f0f7f64|destination|10484.0|外帶|||158|1253110253|1253110253
57567fc5-daf0-4b9c-90fb-ac176e7ee11d|c0a73e68-999b-4962-873a-23897f0f7f64|cash|10484.0||||164|1253110253|1253110253
987bbdd3-1335-4926-be66-28e27cee5d68|471001a8-d797-43a8-86c6-c6e01d9c63dd|destination|3486.0|外帶|||77|1253155337|1253155337
8c270e27-0df1-450f-ab50-e5b08407eff5|471001a8-d797-43a8-86c6-c6e01d9c63dd|cash|3486.0||||79|1253155337|1253155337
f25d1334-7d4a-44e3-9d42-ae397353bd3f|595381aa-ad44-4991-a244-30ffb155524d|destination|3618.0|外帶|||55|1253170911|1253170911
ff11b38a-68da-4425-9889-5e3dbf1754f9|595381aa-ad44-4991-a244-30ffb155524d|cash|3618.0||||55|1253170911|1253170911
f5f155f0-16f7-4118-8683-7d760793999d|a5e49265-751b-4519-b3e8-993b71d6a8bd|destination|13431.0|外帶|||197|1253196201|1253196201
f0433bd3-68b0-4bed-878a-9f2bfbd54ccb|a5e49265-751b-4519-b3e8-993b71d6a8bd|cash|13431.0||||208|1253196201|1253196201
332347d6-f636-46bc-9d8c-7c54859e65aa|b59f12dd-497d-434a-8cc6-dc2ea27cd31b|destination|2560.0|外帶|||58|1253241324|1253241324
1a792624-22d3-447f-a36f-70ac7370ac5c|b59f12dd-497d-434a-8cc6-dc2ea27cd31b|cash|2560.0||||58|1253241324|1253241324
648dc9d9-c04e-41bd-8cdf-dc597841c9c6|6015cbcd-909f-498c-a02a-11b5d3af0a62|destination|3173.0|外帶|||61|1253257334|1253257334
7186e69b-5620-44b4-8efa-8e1fea3bd52b|6015cbcd-909f-498c-a02a-11b5d3af0a62|cash|3173.0||||63|1253257334|1253257334
fc4b797f-a632-40ec-9d4b-b2975b4b3814|22e126cd-fefa-4d1d-aa7f-21f7bd70132e|destination|13298.0|外帶|||208|1253282863|1253282863
2e3d1795-ca7e-4d36-9728-c0b17015e9f6|22e126cd-fefa-4d1d-aa7f-21f7bd70132e|cash|13298.0||||214|1253282863|1253282863
c432e449-262a-4bd8-8e77-dbe2bc13e2b5|84ca2d28-053c-49f8-82bf-330afb756141|destination|5292.0|外帶|||108|1253344254|1253344254
7575471f-1faf-47d3-a78b-a88e51f410a8|84ca2d28-053c-49f8-82bf-330afb756141|cash|5292.0||||108|1253344254|1253344254
548340e5-16ab-4a5f-8b1f-0e5d826a06b2|5bf8c18e-e23e-4288-b642-5b409fa7fbf3|destination|13200.0|外帶|||227|1253369189|1253369189
2fb8f470-af92-45c9-a440-33efdaee9432|5bf8c18e-e23e-4288-b642-5b409fa7fbf3|cash|13200.0||||239|1253369189|1253369189
ab1050a3-ba3a-4c77-81b3-e47b26d9bebc|ef428325-ba47-490d-847e-66b68acdc2db|destination|4918.0|外帶|||85|1253431268|1253431268
a8cd756e-cc7f-4dd6-b23c-a1e54359351c|ef428325-ba47-490d-847e-66b68acdc2db|cash|4918.0||||87|1253431268|1253431268
df7d374a-e735-41d4-905c-f31aeef13662|83bb1afa-797d-4315-9d24-46852ae8af69|destination|12606.0|外帶|||189|1253455431|1253455431
fa1fc78e-d882-49cb-a8ee-8d527ff4c9e6|83bb1afa-797d-4315-9d24-46852ae8af69|cash|12606.0||||193|1253455431|1253455431
3ee92f52-a5fb-464f-a50d-b80b7058e7e8|720d3458-fc6d-481e-af77-175559d2d22e|destination|3588.0|外帶|||79|1253502148|1253502148
a2deed2c-113d-4a78-9f09-aacc6a45bd46|720d3458-fc6d-481e-af77-175559d2d22e|cash|3588.0||||83|1253502148|1253502148
55776ec4-6a79-4cfd-a142-21d908042862|a81fffce-2d56-4eb4-acc1-f91412e19007|destination|4038.0|外帶|||68|1253518454|1253518454
03ca5b69-b822-47f5-be68-ee934ba74a4c|a81fffce-2d56-4eb4-acc1-f91412e19007|destination|110.0|外送|||1|1253518454|1253518454
8f1030ce-d4e4-425b-b50b-4d20f897b5b7|a81fffce-2d56-4eb4-acc1-f91412e19007|cash|4148.0||||73|1253518454|1253518454
932015cc-8a5b-4203-b7e8-559a6eb74d09|96d4aad0-3f9a-4155-9934-660671bf597c|destination|10170.0|外帶|||160|1253541711|1253541711
b80a157e-9794-4689-b460-5d2593076184|96d4aad0-3f9a-4155-9934-660671bf597c|cash|10170.0||||164|1253541711|1253541711
6384d666-072a-45f0-a0f9-ea95c9622d4d|ff1fa037-2816-4c09-8194-8ca1155cc54d|destination|3494.0|外帶|||74|1253586963|1253586963
d46c7863-0cc6-4bfd-97c6-35ac999a528d|ff1fa037-2816-4c09-8194-8ca1155cc54d|cash|3494.0||||74|1253586963|1253586963
c853ff44-bb51-454c-b9ef-d449719d71a7|7d2e777e-4fd0-41d0-a9d6-b369bd8edb1d|destination|6241.0|外帶|||95|1253604823|1253604823
aee7e36a-bf16-410e-9641-28f81ffd1f34|7d2e777e-4fd0-41d0-a9d6-b369bd8edb1d|cash|6241.0||||97|1253604823|1253604823
3fe31a09-3f75-47a8-b2e0-537c79a1ef77|b642b3d7-890e-4aa3-aaff-4c8f4e508591|destination|9865.0|外帶|||164|1253628689|1253628689
07a6c1d8-da04-478f-97aa-75ab326ed234|b642b3d7-890e-4aa3-aaff-4c8f4e508591|cash|9865.0||||170|1253628689|1253628689
3485fbbd-231a-4740-bf6d-2ae0215ef208|62d5c8b2-da80-4c03-9e0b-4a930741f27d|destination|3436.0|外帶|||65|1253673396|1253673396
7242b549-e2f0-4b99-a94b-1b91f42504d2|62d5c8b2-da80-4c03-9e0b-4a930741f27d|cash|3436.0||||65|1253673396|1253673396
25da7c26-716e-470f-acae-2590f325eb64|073e0a7f-aa58-495e-a4b8-5ff41a5d36db|destination|4732.0|外帶|||83|1253690137|1253690137
ecdc1552-ba05-43b0-9dd9-fe391a9f97fa|073e0a7f-aa58-495e-a4b8-5ff41a5d36db|cash|4732.0||||85|1253690137|1253690137
5a407bcb-fb21-4165-8ef0-0bc160531507|f250a653-1f8e-4a4c-85d4-0056afa1f243|destination|11553.0|外帶|||181|1253714557|1253714557
ec8f5bb2-82f4-4fd6-986d-af228ee8dee0|f250a653-1f8e-4a4c-85d4-0056afa1f243|cash|11553.0||||183|1253714557|1253714557
