db452a28-8f32-4833-8587-6dea238cdf24|1245886045|1245896728|5045.0||1245896728|1245896728|A|1245859200|1|5045.0|5045.0|0.0|0.0|0.0|0.0|0.0|0.0|0
129e4197-380e-4224-b3ef-13bfeef9dbe0|1245896806|1245913359|9581.0||1245913359|1245913359|A|1245859200|2|9581.0|9581.0|0.0|0.0|0.0|0.0|0.0|0.0|0
b4e3cf00-dc27-4536-92ff-83e1b1373f47|1245913372|1245938882|30620.0||1245938882|1245938882|A|1245859200|3|30620.0|30620.0|0.0|0.0|0.0|0.0|0.0|0.0|0
7dd3c2f4-0208-461e-8c98-27bc9a76894c|1245975864|1245984152|4715.0||1245984152|1245984152|A|1245945600|1|4715.0|4715.0|0.0|0.0|0.0|0.0|0.0|0.0|0
c858bdb9-d455-41f8-9e45-faca1b428f67|1245984180|1246000885|13707.0||1246000885|1246000885|A|1245945600|2|13707.0|13707.0|0.0|0.0|0.0|0.0|0.0|0.0|0
e3e034fc-2464-4f92-aad3-2f7a4f78db43|1246000903|1246026233|36164.0||1246026233|1246026233|A|1245945600|3|36164.0|36164.0|0.0|0.0|0.0|0.0|0.0|0.0|0
c1677d80-583e-4fb8-ad33-7ea9a52605e2|1246062618|1246088348|16146.0||1246088348|1246088348|A|1246032000|1|16146.0|16146.0|0.0|0.0|0.0|0.0|0.0|0.0|0
2c95a6f6-e00b-496e-b243-164d7b8a70c7|1246088497|1246110727|25497.0||1246110727|1246110727|A|1246032000|2|25497.0|25497.0|0.0|0.0|0.0|0.0|0.0|0.0|0
2bdce051-9841-46e3-9edf-3a6ed43f34ab|1246151892|1246172378|12217.0||1246172378|1246172378|A|1246118400|1|12217.0|12217.0|0.0|0.0|0.0|0.0|0.0|0.0|0
1ca660a4-e32c-494d-9569-eeb8815aa384|1246172409|1246197000|30076.0||1246197000|1246197000|A|1246118400|2|30076.0|30076.0|0.0|0.0|0.0|0.0|0.0|0.0|0
75b53736-e3e9-469f-87b5-705dbb46f04d|1246203646|1246241765|1507.0||1246241765|1246241765|A|1246204800|1|1507.0|1507.0|0.0|0.0|0.0|0.0|0.0|0.0|0
41648482-0acc-42a9-947a-17720de9adce|1246241814|1246258946|3854.0||1246258946|1246258946|A|1246204800|2|3854.0|3854.0|0.0|0.0|0.0|0.0|0.0|0.0|0
cca1a1f2-3c4c-4bc5-9f3e-c1ecb1ec23d0|1246259098|1246284270|12551.0||1246284270|1246284270|A|1246204800|3|12551.0|12551.0|0.0|0.0|0.0|0.0|0.0|0.0|0
3324d208-532a-4e3d-8a7b-c438b59799a6|1246318347|1246328499|3331.0||1246328499|1246328499|A|1246291200|1|3331.0|3331.0|0.0|0.0|0.0|0.0|0.0|0.0|0
9ea94ee3-2711-414d-a8ed-78c231d8d2ec|1246328517|1246343608|5262.0||1246343608|1246343608|A|1246291200|2|5262.0|5262.0|0.0|0.0|0.0|0.0|0.0|0.0|0
627f52cc-6fc3-4df6-b755-36288d2bb805|1246343640|1246370054|16780.0||1246370054|1246370054|A|1246291200|3|16780.0|16780.0|0.0|0.0|0.0|0.0|0.0|0.0|0
3f50b844-9a43-4b5d-a608-a6d74f18666c|1246404068|1246415577|2902.0||1246415577|1246415577|A|1246377600|1|2902.0|2902.0|0.0|0.0|0.0|0.0|0.0|0.0|0
8aaac9df-4206-4ab1-9f9b-55379972ba5c|1246415591|1246435042|7349.0||1246435042|1246435042|A|1246377600|2|7349.0|7349.0|0.0|0.0|0.0|0.0|0.0|0.0|0
9c90fa60-037f-4f54-a8eb-913bcb5575f6|1246435111|1246456422|7031.0||1246456422|1246456422|A|1246377600|3|-1802.0|7031.0|0.0|0.0|0.0|0.0|0.0|0.0|0
a97adad9-61e5-4be4-8491-cf8017b11869|1246490893|1246503025|3985.0||1246503025|1246503025|A|1246464000|1|3985.0|3985.0|0.0|0.0|0.0|0.0|0.0|0.0|0
5e711884-37ac-468b-b623-a29baec865b3|1246503049|1246517305|5695.0||1246517305|1246517305|A|1246464000|2|5695.0|5695.0|0.0|0.0|0.0|0.0|0.0|0.0|0
94eb6c02-fd11-49c6-ad1b-710a531ee852|1246517319|1246542672|13219.0||1246542672|1246542672|A|1246464000|3|13219.0|13219.0|0.0|0.0|0.0|0.0|0.0|0.0|0
028c3535-576b-42e8-9ffd-683b93b8e453|1246576401|1246589395|3195.0||1246589395|1246589395|A|1246550400|1|3195.0|3195.0|0.0|0.0|0.0|0.0|0.0|0.0|0
3f229117-7221-4622-82fb-deb0193f752d|1246589419|1246603631|5100.0||1246603631|1246603631|A|1246550400|2|5100.0|5100.0|0.0|0.0|0.0|0.0|0.0|0.0|0
aae01a75-bed8-42ef-8be7-cd7e8ecee671|1246603650|1246629866|15923.0||1246629866|1246629866|A|1246550400|3|15923.0|15923.0|0.0|0.0|0.0|0.0|0.0|0.0|0
cddcd9e2-beea-4da7-a403-af526e619382|1246670279|1246690421|7611.0||1246690421|1246690421|A|1246636800|1|7611.0|7611.0|0.0|0.0|0.0|0.0|0.0|0.0|0
585e1bb0-52b4-4555-ab67-5415d9e568c7|1246690444|1246715881|16229.0||1246715881|1246715881|A|1246636800|2|16229.0|16229.0|0.0|0.0|0.0|0.0|0.0|0.0|0
b7854539-e8bd-4e5e-b8f5-9daa834d61d1|1246754600|1246775748|4754.0||1246775748|1246775748|A|1246723200|1|4754.0|4754.0|0.0|0.0|0.0|0.0|0.0|0.0|0
bba3e028-be00-4ed0-8248-fd0308642546|1246775763|1246802754|14241.0||1246802754|1246802754|A|1246723200|2|14241.0|14241.0|0.0|0.0|0.0|0.0|0.0|0.0|0
58876ac8-ce14-4035-afb3-9da3a6f0c554|1246809210|1246849418|3591.0||1246849418|1246849418|A|1246809600|1|3591.0|3591.0|0.0|0.0|0.0|0.0|0.0|0.0|0
06e14a83-80a5-4790-81fa-d65e84465ae8|1246849470|1246862845|3603.0||1246862845|1246862845|A|1246809600|2|3603.0|3603.0|0.0|0.0|0.0|0.0|0.0|0.0|0
fde8516b-ee4b-4aad-bb68-69731c74b6dc|1246862860|1246889341|17804.0||1246889341|1246889341|A|1246809600|3|17804.0|17804.0|0.0|0.0|0.0|0.0|0.0|0.0|0
87554db7-96af-4d08-b8b1-766930e48bf6|1246923178|1246934024|3638.0||1246934024|1246934024|A|1246896000|1|3638.0|3638.0|0.0|0.0|0.0|0.0|0.0|0.0|0
43d53f3f-0150-4e7f-97b9-155e28c26bdd|1246934040|1246948939|4548.0||1246948939|1246948939|A|1246896000|2|4548.0|4548.0|0.0|0.0|0.0|0.0|0.0|0.0|0
0db5984f-e77f-4d18-a952-1db71179e5fb|1246948953|1246979151|17275.0||1246979151|1246979151|A|1246896000|3|17275.0|17275.0|0.0|0.0|0.0|0.0|0.0|0.0|0
048e5804-4d9f-4144-8b18-223938ccb05f|1247008719|1247021936|5055.0||1247021936|1247021936|A|1246982400|1|5055.0|5055.0|0.0|0.0|0.0|0.0|0.0|0.0|0
ec6720c6-87f6-4c6c-851d-a363f0206c88|1247021954|1247037019|6310.0||1247037019|1247037019|A|1246982400|2|6310.0|6310.0|0.0|0.0|0.0|0.0|0.0|0.0|0
8bb183ef-e959-4913-8269-0c18a9571dda|1247037124|1247062337|19535.0||1247062337|1247062337|A|1246982400|3|19535.0|19535.0|0.0|0.0|0.0|0.0|0.0|0.0|0
a9366b07-dd3f-4d01-8ee8-11ff2df13643|1247095136|1247106859|4317.0||1247106859|1247106859|A|1247068800|1|4317.0|4317.0|0.0|0.0|0.0|0.0|0.0|0.0|0
976c90da-d1da-4ad3-b0ad-526d979a0461|1247106872|1247122659|5483.0||1247122659|1247122659|A|1247068800|2|5483.0|5483.0|0.0|0.0|0.0|0.0|0.0|0.0|0
179e2d41-06d7-4f1e-b20b-82ad7013fbb9|1247122672|1247147761|17632.0||1247147761|1247147761|A|1247068800|3|17632.0|17630.0|0.0|0.0|0.0|0.0|0.0|-2.0|0
3c79defd-3abc-484c-ae14-2476754e33fa|1247181620|1247193348|4677.0||1247193348|1247193348|A|1247155200|1|4677.0|4677.0|0.0|0.0|0.0|0.0|0.0|0.0|0
ded5869d-ede5-4b74-a7a7-288f491610b9|1247193367|1247210397|6036.0||1247210397|1247210397|A|1247155200|2|6036.0|6036.0|0.0|0.0|0.0|0.0|0.0|0.0|0
e9f94b42-9a1f-4bb2-af8e-64405d18ef26|1247210415|1247235146|22192.0||1247235146|1247235146|A|1247155200|3|22192.0|22192.0|0.0|0.0|0.0|0.0|0.0|0.0|0
38d1fbe7-d3f8-411e-9660-4db0dfcfa9b0|1247273166|1247297328|7671.0||1247297328|1247297328|A|1247241600|1|7671.0|7671.0|0.0|0.0|0.0|0.0|0.0|0.0|0
8c26b98a-f78f-48e8-a09d-6d2a00486483|1247297341|1247321585|13231.0||1247321585|1247321585|A|1247241600|2|13231.0|13231.0|0.0|0.0|0.0|0.0|0.0|0.0|0
d48354a0-ff67-42be-909e-774300aab12a|1247359740|1247381890|5043.0||1247381890|1247381890|A|1247328000|1|5043.0|5043.0|0.0|0.0|0.0|0.0|0.0|0.0|0
aec64d8e-e31c-4fb6-ae93-b458495241a3|1247381899|1247407702|11190.0||1247407702|1247407702|A|1247328000|2|11190.0|11190.0|0.0|0.0|0.0|0.0|0.0|0.0|0
868322a9-0c07-471f-aaf9-51cb5072def8|1247442965|1247453886|4320.0||1247453886|1247453886|A|1247414400|1|4320.0|4320.0|0.0|0.0|0.0|0.0|0.0|0.0|0
dcb5d6c8-0876-4a2c-9f8b-6b15af132326|1247453940|1247467339|4542.0||1247467339|1247467339|A|1247414400|2|4542.0|4542.0|0.0|0.0|0.0|0.0|0.0|0.0|0
f19ece97-d8c9-478a-9a84-20644d1306fe|1247467349|1247493712|15256.0||1247493712|1247493712|A|1247414400|3|15256.0|15256.0|0.0|0.0|0.0|0.0|0.0|0.0|0
517db40d-c7a6-4b73-b38e-ec40298e23e6|1247527463|1247539605|3517.0||1247539605|1247539605|A|1247500800|1|3517.0|3517.0|0.0|0.0|0.0|0.0|0.0|0.0|0
15af0c24-b539-4701-a08f-43416df6fecc|1247539626|1247558149|7474.0||1247558149|1247558149|A|1247500800|2|7474.0|7474.0|0.0|0.0|0.0|0.0|0.0|0.0|0
d37a13b9-2101-49ca-a1ab-47902bc93292|1247558170|1247580495|11909.0||1247580495|1247580495|A|1247500800|3|11909.0|11909.0|0.0|0.0|0.0|0.0|0.0|0.0|0
7cd6d275-3286-46b5-9171-da794f940ecd|1247614006|1247625722|2890.0||1247625722|1247625722|A|1247587200|1|2890.0|2890.0|0.0|0.0|0.0|0.0|0.0|0.0|0
81ce5066-68d6-430f-b858-c6b5f8ad1846|1247625733|1247644179|5619.0||1247644179|1247644179|A|1247587200|2|5619.0|5619.0|0.0|0.0|0.0|0.0|0.0|0.0|0
c24957be-49df-4950-ac0e-f367055523b2|1247644191|1247666952|17929.0||1247666952|1247666952|A|1247587200|3|17929.0|17929.0|0.0|0.0|0.0|0.0|0.0|0.0|0
2b7eaf96-b9aa-4532-9776-06a2c7f88834|1247700109|1247711485|4173.0||1247711485|1247711485|A|1247673600|1|4173.0|4173.0|0.0|0.0|0.0|0.0|0.0|0.0|0
7af48834-51ab-4f18-ac7d-fdad3d190962|1247711519|1247727369|5538.0||1247727369|1247727369|A|1247673600|2|5538.0|5538.0|0.0|0.0|0.0|0.0|0.0|0.0|0
31b87163-278a-41e1-a0d1-01c56b7ac3ca|1247727390|1247753358|20032.0||1247753358|1247753358|A|1247673600|3|20032.0|20032.0|0.0|0.0|0.0|0.0|0.0|0.0|0
3d7a9152-acee-4b3d-b9a4-e0044c64a8e0|1247786698|1247798163|4202.0||1247798163|1247798163|A|1247760000|1|4202.0|4202.0|0.0|0.0|0.0|0.0|0.0|0.0|0
7feb7493-04a3-4571-bf61-a028beee79e7|1247798177|1247814530|6122.0||1247814530|1247814530|A|1247760000|2|6122.0|6122.0|0.0|0.0|0.0|0.0|0.0|0.0|0
38eb49ea-f617-4bc7-96e9-a52c7fb3547c|1247814720|1247839808|25328.0||1247839808|1247839808|A|1247760000|3|25328.0|25328.0|0.0|0.0|0.0|0.0|0.0|0.0|0
c955a18b-f72c-479a-a268-ad5a26434710|1247878614|1247899531|6439.0||1247899531|1247899531|A|1247846400|1|6439.0|6439.0|0.0|0.0|0.0|0.0|0.0|0.0|0
9cf2dafc-30a9-43bc-a1ad-bf3c8c391644|1247899547|1247925750|14142.0||1247925750|1247925750|A|1247846400|2|14142.0|14142.0|0.0|0.0|0.0|0.0|0.0|0.0|0
85cdbbd6-53e1-4a30-9770-3b1c7ef517f3|1247964479|1247987077|6437.0||1247987077|1247987077|A|1247932800|1|6437.0|6437.0|0.0|0.0|0.0|0.0|0.0|0.0|0
83d97641-401c-45c5-aca0-a2c6b0ee785b|1247987094|1248012495|12860.0||1248012495|1248012495|A|1247932800|2|12860.0|12860.0|0.0|0.0|0.0|0.0|0.0|0.0|0
b89d2970-2936-47ce-b785-4028898fbc86|1248046920|1248057357|3519.0||1248057357|1248057357|A|1248019200|1|3519.0|3519.0|0.0|0.0|0.0|0.0|0.0|0.0|0
961ea15c-5595-4073-a36b-202f6a9d83a6|1248057374|1248075063|6382.0||1248075063|1248075063|A|1248019200|2|6382.0|6382.0|0.0|0.0|0.0|0.0|0.0|0.0|0
1d233e4f-9eff-4683-8970-c7428f8d1fd3|1248075073|1248098658|15725.0||1248098658|1248098658|A|1248019200|3|15725.0|15725.0|0.0|0.0|0.0|0.0|0.0|0.0|0
4f2772b9-7933-47c6-854e-02e81cfe1906|1248131375|1248143829|2672.0||1248143829|1248143829|A|1248105600|1|2672.0|2672.0|0.0|0.0|0.0|0.0|0.0|0.0|0
4071f92b-5a35-4d1a-bf56-d80c27a2084d|1248143840|1248159253|5917.0||1248159253|1248159253|A|1248105600|2|5917.0|5917.0|0.0|0.0|0.0|0.0|0.0|0.0|0
3a9dae03-abaf-438d-bde3-290aab70fb2a|1248159266|1248184992|15214.0||1248184992|1248184992|A|1248105600|3|15214.0|15214.0|0.0|0.0|0.0|0.0|0.0|0.0|0
d89feae3-8118-45c0-a996-15188d40a137|1248218695|1248229097|4113.0||1248229097|1248229097|A|1248192000|1|4113.0|4038.0|0.0|0.0|0.0|0.0|0.0|-75.0|0
9b85ca92-bd84-48cd-b089-f7aa1e0e1bad|1248229108|1248247790|3449.0||1248247790|1248247790|A|1248192000|2|3449.0|3449.0|0.0|0.0|0.0|0.0|0.0|0.0|0
ec89b700-7a4c-4135-8e3b-0b8b2322787a|1248247802|1248271413|13553.0||1248271413|1248271413|A|1248192000|3|13553.0|13553.0|0.0|0.0|0.0|0.0|0.0|0.0|0
b4299746-b01e-46c9-a162-79b23ab469bc|1248304748|1248315355|3899.0||1248315355|1248315355|A|1248278400|1|3899.0|3899.0|0.0|0.0|0.0|0.0|0.0|0.0|0
a305ba8c-73b3-4f82-8010-8e3070c092bc|1248315366|1248333573|5250.0||1248333573|1248333573|A|1248278400|2|5250.0|5250.0|0.0|0.0|0.0|0.0|0.0|0.0|0
83b10394-38bd-4c7d-90e4-78eca6e0ae60|1248333580|1248357827|11721.0||1248357827|1248357827|A|1248278400|3|11721.0|11721.0|0.0|0.0|0.0|0.0|0.0|0.0|0
4657cc54-17f5-43c0-a4fa-a1013ced2fee|1248391768|1248402985|4161.0||1248402985|1248402985|A|1248364800|1|4161.0|4161.0|0.0|0.0|0.0|0.0|0.0|0.0|0
e76dee0c-a99c-42fd-86c9-c9f22f6c768a|1248402992|1248420142|5047.0||1248420143|1248420143|A|1248364800|2|5047.0|5047.0|0.0|0.0|0.0|0.0|0.0|0.0|0
a9fc7675-af20-481b-96d5-3870a267f2f7|1248420156|1248444520|16742.0||1248444520|1248444520|A|1248364800|3|16742.0|16742.0|0.0|0.0|0.0|0.0|0.0|0.0|0
096fb051-a9ca-427d-abb8-615e7ac98495|1248482903|1248506409|5257.0||1248506409|1248506409|A|1248451200|1|5257.0|5257.0|0.0|0.0|0.0|0.0|0.0|0.0|0
82380378-1db2-4ee5-907b-9d77dd56e1e3|1248506418|1248530472|12820.0||1248530472|1248530472|A|1248451200|2|12820.0|12820.0|0.0|0.0|0.0|0.0|0.0|0.0|0
26bd7f2a-bf38-4420-871a-d47bb4c47650|1248569676|1248592016|5413.0||1248592016|1248592016|A|1248537600|1|5413.0|5413.0|0.0|0.0|0.0|0.0|0.0|0.0|0
bd3179f5-5bae-482f-af44-3b7192c8421c|1248592031|1248616899|11561.0||1248616899|1248616899|A|1248537600|2|11561.0|11561.0|0.0|0.0|0.0|0.0|0.0|0.0|0
d617cc3b-4fba-408a-b88a-876ba80ebbec|1248649148|1248663183|2980.0||1248663183|1248663183|A|1248624000|1|2980.0|2980.0|0.0|0.0|0.0|0.0|0.0|0.0|0
778d999b-568a-40b8-8e14-c1fc39b32e28|1248663192|1248679666|3878.0||1248679666|1248679666|A|1248624000|2|3878.0|3878.0|0.0|0.0|0.0|0.0|0.0|0.0|0
a289fe5d-411d-473a-8507-e45102c55492|1248679674|1248703074|16265.0||1248703074|1248703074|A|1248624000|3|16265.0|16265.0|0.0|0.0|0.0|0.0|0.0|0.0|0
a627ebd8-fab0-43f1-be6f-96bdc47aae5c|1248736940|1248747995|3729.0||1248747995|1248747995|A|1248710400|1|3729.0|3729.0|0.0|0.0|0.0|0.0|0.0|0.0|0
4faed8b2-7b05-40e3-86a2-f6734e6e358e|1248748002|1248764478|5682.0||1248764478|1248764478|A|1248710400|2|5682.0|5682.0|0.0|0.0|0.0|0.0|0.0|0.0|0
b5e1d69a-ad6a-4296-b021-2d72fc436e16|1248764490|1248789820|15438.0||1248789820|1248789820|A|1248710400|3|15438.0|15438.0|0.0|0.0|0.0|0.0|0.0|0.0|0
1d199891-5bbd-4f90-8611-10808a9a11f3|1248823888|1248833986|3255.0||1248833986|1248833986|A|1248796800|1|3255.0|3255.0|0.0|0.0|0.0|0.0|0.0|0.0|0
133b9f08-3883-44f4-aca7-8901df5cb860|1248833993|1248853117|6679.0||1248853117|1248853117|A|1248796800|2|6679.0|6679.0|0.0|0.0|0.0|0.0|0.0|0.0|0
917d12fa-e758-40de-992b-7ef1563f6260|1248853124|1248876354|17860.0||1248876354|1248876354|A|1248796800|3|17860.0|17860.0|0.0|0.0|0.0|0.0|0.0|0.0|0
fe893dfb-bc89-4d46-b75c-1371def22157|1248908678|1248920159|2825.0||1248920159|1248920159|A|1248883200|1|2825.0|2825.0|0.0|0.0|0.0|0.0|0.0|0.0|0
e977f8a6-f11a-47d8-890a-1dfb3e4f6af9|1248920168|1248938041|4054.0||1248938041|1248938041|A|1248883200|2|4054.0|4054.0|0.0|0.0|0.0|0.0|0.0|0.0|0
c1473051-3e45-4bff-ae7c-c36f23d73960|1248938066|1248962805|17868.0||1248962805|1248962805|A|1248883200|3|17868.0|17868.0|0.0|0.0|0.0|0.0|0.0|0.0|0
29261c42-4149-4e08-9c1b-a02778e48a0d|1248996370|1249006803|3894.0||1249006803|1249006803|A|1248969600|1|3894.0|3894.0|0.0|0.0|0.0|0.0|0.0|0.0|0
09bd07ea-b8fd-465f-9a02-23cb2a971a68|1249006811|1249025156|4609.0||1249025156|1249025156|A|1248969600|2|4609.0|4609.0|0.0|0.0|0.0|0.0|0.0|0.0|0
9c9a99ef-484b-4252-ad51-8726d1012e0f|1249025167|1249049133|18186.0||1249049133|1249049133|A|1248969600|3|18186.0|18186.0|0.0|0.0|0.0|0.0|0.0|0.0|0
6d4638b7-52ca-471c-b64f-600f7a96a1ec|1249086940|1249110811|6439.0||1249110811|1249110811|A|1249056000|1|6439.0|6439.0|0.0|0.0|0.0|0.0|0.0|0.0|0
18e3ed83-5ccc-4a22-923c-5b275a1322c2|1249110822|1249135317|14383.0||1249135317|1249135317|A|1249056000|2|14383.0|14383.0|0.0|0.0|0.0|0.0|0.0|0.0|0
a876e3d9-1dc7-4bc1-ae10-ab024a801b7b|1249174754|1249197803|4789.0||1249197803|1249197803|A|1249142400|1|4789.0|4789.0|0.0|0.0|0.0|0.0|0.0|0.0|0
69084d03-8071-4ba7-a282-98a3ffa2965a|1249197813|1249220832|11192.0||1249220832|1249220832|A|1249142400|2|11192.0|11192.0|0.0|0.0|0.0|0.0|0.0|0.0|0
3dce8f3a-f7f9-4faf-bc78-83260ce5fcda|1249255095|1249266565|4457.0||1249266565|1249266565|A|1249228800|1|4457.0|4457.0|0.0|0.0|0.0|0.0|0.0|0.0|0
1aa663ee-e03a-452e-85e0-5a98fb1e1cc5|1249266589|1249282677|6058.0||1249282677|1249282677|A|1249228800|2|6058.0|6058.0|0.0|0.0|0.0|0.0|0.0|0.0|0
c9f48c68-a5f2-420e-8b07-b4fe16e63ffd|1249282688|1249306763|23145.0||1249306763|1249306763|A|1249228800|3|23145.0|23145.0|0.0|0.0|0.0|0.0|0.0|0.0|0
e575770a-eb5c-4841-8284-d40fccc3c773|1249341027|1249353343|3486.0||1249353343|1249353343|A|1249315200|1|3486.0|3486.0|0.0|0.0|0.0|0.0|0.0|0.0|0
78cc5879-a07d-47a6-9378-65c90dc349af|1249353352|1249369832|6148.0||1249369832|1249369832|A|1249315200|2|6148.0|6148.0|0.0|0.0|0.0|0.0|0.0|0.0|0
268a6a08-79d8-4a05-a2ca-f24334152cee|1249369840|1249394865|27913.0||1249394865|1249394865|A|1249315200|3|27913.0|27913.0|0.0|0.0|0.0|0.0|0.0|0.0|0
cd49a4c7-67d1-4a77-84bb-fb570127720f|1249427352|1249438701|3515.0||1249438701|1249438701|A|1249401600|1|3515.0|3515.0|0.0|0.0|0.0|0.0|0.0|0.0|0
6c2f02c5-8dc2-428f-a2f6-271ae4e40916|1249438733|1249458710|7852.0||1249458710|1249458710|A|1249401600|2|7852.0|7852.0|0.0|0.0|0.0|0.0|0.0|0.0|0
b1772cf3-0db4-43bf-b25f-d8597c2ae3e1|1249458720|1249481532|24788.0||1249481532|1249481532|A|1249401600|3|24788.0|24788.0|0.0|0.0|0.0|0.0|0.0|0.0|0
22a9b034-f0de-4a1a-8377-0cfcd4f81561|1249482183|1249526377|4911.0||1249526377|1249526377|A|1249488000|1|4911.0|4911.0|0.0|0.0|0.0|0.0|0.0|0.0|0
6ebb229a-63a2-486a-ab7d-4480dc8bfdec|1249526387|1249542649|7803.0||1249542649|1249542649|A|1249488000|2|7803.0|7803.0|0.0|0.0|0.0|0.0|0.0|0.0|0
2fe739f4-d8a3-495c-8aac-a5a969675747|1249542661|1249566444|39817.0||1249566444|1249566444|A|1249488000|3|39817.0|39817.0|0.0|0.0|0.0|0.0|0.0|0.0|0
26be63c3-adb2-4f97-a358-06c2397d1168|1249568950|1249630879|7008.0||1249630879|1249630879|A|1249574400|1|7008.0|7008.0|0.0|0.0|0.0|0.0|0.0|0.0|0
ac3c63b4-0d91-4aea-837e-0df1a3a529db|1249630888|1249653844|15771.0||1249653844|1249653844|A|1249574400|2|15771.0|15771.0|0.0|0.0|0.0|0.0|0.0|0.0|0
1c77d455-0b1d-4a27-85eb-142f56123562|1249692188|1249716898|6306.0||1249716898|1249716898|A|1249660800|1|6306.0|6306.0|0.0|0.0|0.0|0.0|0.0|0.0|0
34d319be-02b8-4b1b-90d5-5271a530d602|1249716911|1249739793|13183.0||1249739793|1249739793|A|1249660800|2|13183.0|13183.0|0.0|0.0|0.0|0.0|0.0|0.0|0
693bb478-67a3-4e7b-b6a1-6c1927065108|1249778028|1249803169|8807.0||1249803169|1249803169|A|1249747200|1|8807.0|8807.0|0.0|0.0|0.0|0.0|0.0|0.0|0
748518b6-8af3-46e5-ad6c-f88dae5a36f5|1249803184|1249826683|13529.0||1249826683|1249826683|A|1249747200|2|13529.0|13529.0|0.0|0.0|0.0|0.0|0.0|0.0|0
6109e494-5c65-4914-97f4-1105be6b1975|1249827689|1249873936|4369.0||1249873936|1249873936|A|1249833600|1|3719.0|4369.0|0.0|0.0|0.0|0.0|0.0|0.0|0
8f6f1a68-0f3f-4880-8bc4-7077d6472b56|1249873945|1249889064|4084.0||1249889064|1249889064|A|1249833600|2|3684.0|4084.0|0.0|0.0|0.0|0.0|0.0|0.0|0
bfa20d6d-4515-4fb1-be80-948c5dd5ffc3|1249889087|1249912458|14708.0||1249912458|1249912458|A|1249833600|3|12408.0|14708.0|0.0|0.0|0.0|0.0|0.0|0.0|0
6379e887-f96c-46a3-908e-ee115b14be67|1249912538|1249958818|3745.0||1249958818|1249958818|A|1249920000|1|3445.0|3745.0|0.0|0.0|0.0|0.0|0.0|0.0|0
9cd5b236-077f-4512-ad1e-e0801a78ae30|1249958826|1249977677|7444.0||1249977677|1249977677|A|1249920000|2|6894.0|7444.0|0.0|0.0|0.0|0.0|0.0|0.0|0
ee57ffd8-a0a4-4c11-9ced-73cea2a1318f|1249977687|1249999206|17842.0||1249999206|1249999206|A|1249920000|3|15492.0|17842.0|0.0|0.0|0.0|0.0|0.0|0.0|0
759aede1-7fcc-4a47-9b30-3e14d0b679e5|1250030062|1250044117|3767.0||1250044117|1250044117|A|1250006400|1|3217.0|3767.0|0.0|0.0|0.0|0.0|0.0|0.0|0
6b162cf5-77d3-49a6-ad28-7aed50b449fb|1250044131|1250065398|7604.0||1250065398|1250065398|A|1250006400|2|7154.0|7604.0|0.0|0.0|0.0|0.0|0.0|0.0|0
34d79ede-dc6c-4fcb-9cf8-f852df0f395b|1250065410|1250085748|12784.0||1250085748|1250085748|A|1250006400|3|12784.0|12784.0|0.0|0.0|0.0|0.0|0.0|0.0|0
8b16a005-2150-4565-9ecc-6f70a649ff55|1250086328|1250131246|3971.0||1250131247|1250131247|A|1250092800|1|3971.0|3971.0|0.0|0.0|0.0|0.0|0.0|0.0|0
3e4d150a-aa7f-4ccf-8ec3-55088fb257ee|1250131265|1250148957|7605.0||1250148957|1250148957|A|1250092800|2|7605.0|7605.0|0.0|0.0|0.0|0.0|0.0|0.0|0
c4f20c3f-714c-452c-9501-36adbc4ee625|1250148971|1250172472|14876.0||1250172472|1250172472|A|1250092800|3|14876.0|15151.0|0.0|0.0|0.0|0.0|275.0|0.0|0
fa2278d8-aa93-4c37-b4d8-a7d3252b314d|1250205942|1250217353|3850.0||1250217353|1250217353|A|1250179200|1|3850.0|3850.0|0.0|0.0|0.0|0.0|0.0|0.0|0
9372fd7d-2ab0-486a-ad46-5d019c537504|1250217363|1250235327|6487.0||1250235327|1250235327|A|1250179200|2|6487.0|6487.0|0.0|0.0|0.0|0.0|0.0|0.0|0
9dac69f5-8175-40af-8453-1d4fd06f777b|1250235347|1250258942|19966.0||1250258942|1250258942|A|1250179200|3|19966.0|19966.0|0.0|0.0|0.0|0.0|0.0|0.0|0
eb9ce4e7-43b6-4399-a6c3-81b7b24d2c1c|1250295755|1250322619|11109.0||1250322619|1250322619|A|1250265600|1|11109.0|11109.0|0.0|0.0|0.0|0.0|0.0|0.0|0
c7af8f25-676d-463d-aea8-cb3e7807ec1a|1250322628|1250344321|16919.0||1250344321|1250344321|A|1250265600|2|16919.0|16919.0|0.0|0.0|0.0|0.0|0.0|0.0|0
84e3dd11-bc72-4027-84c1-7cc8e7fe7537|1250380100|1250406754|4757.0||1250406754|1250406754|A|1250352000|1|4757.0|4757.0|0.0|0.0|0.0|0.0|0.0|0.0|0
f2735684-b5c5-4047-8b0c-3e1a5a13ee98|1250406787|1250430877|12700.0||1250430877|1250430877|A|1250352000|2|12700.0|12700.0|0.0|0.0|0.0|0.0|0.0|0.0|0
fc916ecf-1897-4763-bf0d-5d4d52b6768d|1250463041|1250475937|3493.0||1250475937|1250475937|A|1250438400|1|3493.0|3493.0|0.0|0.0|0.0|0.0|0.0|0.0|0
f039cde4-94ef-4ec9-98db-cf3175efedce|1250475944|1250496593|5149.0||1250496593|1250496593|A|1250438400|2|5149.0|5149.0|0.0|0.0|0.0|0.0|0.0|0.0|0
9ff80f8e-845b-4e9c-a14e-9c61f9776a68|1250496608|1250515543|12785.0||1250515543|1250515543|A|1250438400|3|12785.0|12785.0|0.0|0.0|0.0|0.0|0.0|0.0|0
a2791c01-f6c1-4d2b-b6f3-15b236017e30|1250516481|1250564556|4638.0||1250564556|1250564556|A|1250524800|1|4638.0|4638.0|0.0|0.0|0.0|0.0|0.0|0.0|0
218fb667-d9d6-4c65-8fc3-039727a86c25|1250564569|1250581170|4632.0||1250581170|1250581170|A|1250524800|2|4632.0|4632.0|0.0|0.0|0.0|0.0|0.0|0.0|0
ecc02b0d-34af-4a39-8d6c-06cd74ecc7cb|1250581190|1250604221|17743.0||1250604221|1250604221|A|1250524800|3|17743.0|17743.0|0.0|0.0|0.0|0.0|0.0|0.0|0
20365eb0-2b9f-445a-82f5-425b8f77f265|1250634849|1250650780|5514.0||1250650780|1250650780|A|1250611200|1|5514.0|5514.0|0.0|0.0|0.0|0.0|0.0|0.0|0
061ee7cc-fb3e-4adf-adf6-928842ad536b|1250650788|1250668205|5639.0||1250668205|1250668205|A|1250611200|2|5639.0|5639.0|0.0|0.0|0.0|0.0|0.0|0.0|0
58660de9-2c1c-4650-a184-c13b1b9a4871|1250668218|1250691057|15219.0||1250691057|1250691057|A|1250611200|3|15219.0|15219.0|0.0|0.0|0.0|0.0|0.0|0.0|0
4f855f1d-6de7-4779-9f9e-f8efefa1ffc6|1250721389|1250735074|2790.0||1250735074|1250735074|A|1250697600|1|2790.0|2790.0|0.0|0.0|0.0|0.0|0.0|0.0|0
bb27dd52-474b-42eb-8cf6-aebf9015a28d|1250735083|1250753998|5918.0||1250753998|1250753998|A|1250697600|2|5918.0|5918.0|0.0|0.0|0.0|0.0|0.0|0.0|0
401276da-0c7f-468b-ba4b-56bc6f174f0c|1250754039|1250777870|17129.0||1250777870|1250777870|A|1250697600|3|17129.0|17129.0|0.0|0.0|0.0|0.0|0.0|0.0|0
5b93fc6f-1b39-45da-9d0c-0cf210c69b75|1250808512|1250823219|4221.0||1250823219|1250823219|A|1250784000|1|4221.0|4221.0|0.0|0.0|0.0|0.0|0.0|0.0|0
95fb45d5-33c8-409d-afc3-16f660322c8f|1250823391|1250840023|3731.0||1250840023|1250840023|A|1250784000|2|3731.0|3731.0|0.0|0.0|0.0|0.0|0.0|0.0|0
9dd74ae0-46e1-41ff-a2b4-23cd1cfe418a|1250840033|1250864112|22339.0||1250864112|1250864112|A|1250784000|3|22339.0|22339.0|0.0|0.0|0.0|0.0|0.0|0.0|0
53e15a62-0d94-4152-b925-1d3122452c55|1250895038|1250926375|6186.0||1250926375|1250926375|A|1250870400|1|6186.0|6186.0|0.0|0.0|0.0|0.0|0.0|0.0|0
cb60d392-7e36-4b27-8a5b-59b52b94dafa|1250926390|1250949620|17392.0||1250949620|1250949620|A|1250870400|2|17392.0|17392.0|0.0|0.0|0.0|0.0|0.0|0.0|0
0b868a30-0e98-43d6-b31d-523fad3f8eb5|1250949687|1251011654|6551.0||1251011654|1251011654|A|1250956800|1|6551.0|6551.0|0.0|0.0|0.0|0.0|0.0|0.0|0
d2bdd617-2f23-4914-9575-0141b9c89b98|1251011665|1251036635|11908.0||1251036635|1251036635|A|1250956800|2|11908.0|11908.0|0.0|0.0|0.0|0.0|0.0|0.0|0
29bba262-9c76-42fc-8abf-26df3a4aa6fc|1251066742|1251081138|2965.0||1251081138|1251081138|A|1251043200|1|2965.0|2965.0|0.0|0.0|0.0|0.0|0.0|0.0|0
d0f1487d-1aa2-41ba-b03d-ccdba7263f12|1251081149|1251098977|6148.0||1251098977|1251098977|A|1251043200|2|6148.0|6148.0|0.0|0.0|0.0|0.0|0.0|0.0|0
6a0874ea-d7f1-405b-9e8a-d6366fb56035|1251098990|1251120985|12778.0||1251120985|1251120985|A|1251043200|3|12778.0|12778.0|0.0|0.0|0.0|0.0|0.0|0.0|0
ee6922ce-f3d6-43cd-9e15-5f6693ea12cb|1251155197|1251167801|4126.0||1251167801|1251167801|A|1251129600|1|4126.0|4126.0|0.0|0.0|0.0|0.0|0.0|0.0|0
9c4d1c59-b5fc-4d63-b02f-7601f3093446|1251167874|1251185952|6039.0||1251185952|1251185952|A|1251129600|2|6039.0|6039.0|0.0|0.0|0.0|0.0|0.0|0.0|0
526de671-a1d7-4a09-b2df-38dc6006bfac|1251185965|1251209337|13204.0||1251209337|1251209337|A|1251129600|3|13204.0|13204.0|0.0|0.0|0.0|0.0|0.0|0.0|0
c7b0df08-29ce-4d94-96c4-5aaf1a33c3c4|1251239120|1251254000|3494.0||1251254000|1251254000|A|1251216000|1|3494.0|3494.0|0.0|0.0|0.0|0.0|0.0|0.0|0
8315f341-1a03-4fff-80ce-df5c38346bb4|1251254012|1251273543|5011.0||1251273543|1251273543|A|1251216000|2|5011.0|5011.0|0.0|0.0|0.0|0.0|0.0|0.0|0
598d5f3e-fc3f-41d3-a339-f0d0f98c8294|1251273551|1251295453|13034.0||1251295453|1251295453|A|1251216000|3|13034.0|13034.0|0.0|0.0|0.0|0.0|0.0|0.0|0
4423fa56-6ed3-4dee-8e3b-357e53dcba14|1251295528|1251295541|0.0||1251295541|1251295541|A|1251216000|4|0.0|0.0|0.0|0.0|0.0|0.0|0.0|0.0|0
02e3f7c0-46a7-4179-9b8e-d9c400687ce5|1251298747|1251340701|3453.0||1251340701|1251340701|A|1251302400|1|3453.0|3453.0|0.0|0.0|0.0|0.0|0.0|0.0|0
68c50772-ca48-4e17-9d19-7fde4a5bc2ae|1251340715|1251357745|3691.0||1251357745|1251357745|A|1251302400|2|3691.0|3691.0|0.0|0.0|0.0|0.0|0.0|0.0|0
4e2e6f91-08eb-4149-a455-8e829328b13a|1251357754|1251382438|17333.0||1251382438|1251382438|A|1251302400|3|17333.0|17333.0|0.0|0.0|0.0|0.0|0.0|0.0|0
fca53192-37ee-4c86-ad1c-bd195e62756b|1251412370|1251427071|3255.0||1251427071|1251427071|A|1251388800|1|3255.0|3255.0|0.0|0.0|0.0|0.0|0.0|0.0|0
ff3125b4-9c98-4afc-8bcf-01a9c11f9ffb|1251427080|1251447052|6160.0||1251447052|1251447052|A|1251388800|2|6160.0|6160.0|0.0|0.0|0.0|0.0|0.0|0.0|0
ad20747a-3700-4f62-91d5-8933150815d7|1251447060|1251469086|10248.0||1251469086|1251469086|A|1251388800|3|10248.0|10248.0|0.0|0.0|0.0|0.0|0.0|0.0|0
9702051c-2edc-4ebd-bb94-87d50b7e9180|1251501552|1251533778|7158.0||1251533778|1251533778|A|1251475200|1|7158.0|7158.0|0.0|0.0|0.0|0.0|0.0|0.0|0
38bc1cfc-6bc8-4846-bfe9-4693ad8fa04d|1251533813|1251555515|8785.0||1251555515|1251555515|A|1251475200|2|8785.0|8785.0|0.0|0.0|0.0|0.0|0.0|0.0|0
b562a30f-f26f-46eb-b50c-6f31599aefbd|1251588393|1251616617|4936.0||1251616617|1251616617|A|1251561600|1|4936.0|4936.0|0.0|0.0|0.0|0.0|0.0|0.0|0
56a20a3c-e73b-482e-bc88-8c5979229c1d|1251616628|1251641540|8615.0||1251641540|1251641540|A|1251561600|2|8615.0|8615.0|0.0|0.0|0.0|0.0|0.0|0.0|0
9923fbc2-1772-42f6-b90e-90bb950820d4|1251672344|1251685170|3639.0||1251685170|1251685170|A|1251648000|1|3639.0|3639.0|0.0|0.0|0.0|0.0|0.0|0.0|0
cbf877d9-06e4-4058-8103-8e70638bf0df|1251685178|1251705318|5191.0||1251705318|1251705318|A|1251648000|2|5191.0|5191.0|0.0|0.0|0.0|0.0|0.0|0.0|0
5f7e38c4-3bd7-4ba7-8e7d-99ca7b80a643|1251705330|1251726394|8235.0||1251726394|1251726394|A|1251648000|3|8235.0|8235.0|0.0|0.0|0.0|0.0|0.0|0.0|0
70fc4012-ca52-4a81-9b34-0e3b77956e3e|1251733267|1251773720|2640.0||1251773720|1251773720|A|1251734400|1|2640.0|2640.0|0.0|0.0|0.0|0.0|0.0|0.0|0
043a14d2-f0ee-471e-a5d3-aa9756883b78|1251773728|1251789380|3196.0||1251789380|1251789380|A|1251734400|2|3196.0|3196.0|0.0|0.0|0.0|0.0|0.0|0.0|0
eab0119e-ae5e-4d7e-a2fa-f82bf6626a23|1251789393|1251814014|10080.0||1251814014|1251814014|A|1251734400|3|10080.0|10080.0|0.0|0.0|0.0|0.0|0.0|0.0|0
8b47a802-1353-41fb-824b-84cdd48387a2|1251844176|1251859009|2650.0||1251859009|1251859009|A|1251820800|1|2650.0|2650.0|0.0|0.0|0.0|0.0|0.0|0.0|0
575d5680-3518-491c-a067-98a5ee626da7|1251859071|1251875148|3889.0||1251875148|1251875148|A|1251907200|1|3889.0|3889.0|0.0|0.0|0.0|0.0|0.0|0.0|0
1b9f6b49-68c1-4e2a-9195-c7935d215b0e|1251875176|1251900428|9279.0||1251900428|1251900428|A|1251907200|2|9279.0|9279.0|0.0|0.0|0.0|0.0|0.0|0.0|0
5ccb33c3-ca73-474e-990d-b47a68d6a93e|1251900463|1251945006|3188.0||1251945006|1251945006|A|1251907200|3|3188.0|3188.0|0.0|0.0|0.0|0.0|0.0|0.0|0
5bd88a21-ee3f-497f-add2-8fe4ebe0635d|1251945054|1251961755|3467.0||1251961755|1251961755|A|1251907200|4|3467.0|3467.0|0.0|0.0|0.0|0.0|0.0|0.0|0
bf2b71cf-3d95-4b1d-8b8f-4a67cd175f63|1251961775|1251986399|8531.0||1251986399|1251986399|A|1251907200|5|8531.0|8481.0|0.0|0.0|0.0|0.0|50.0|-100.0|0
66a6399a-8fbe-4646-9b09-9a96fc93f2bb|1252017715|1252030943|2961.0||1252030943|1252030943|A|1251993600|1|2961.0|2961.0|0.0|0.0|0.0|0.0|0.0|0.0|0
e20c2be4-4345-441a-99fe-c765c9f840e1|1252030957|1252048541|4633.0||1252048541|1252048541|A|1251993600|2|4633.0|4633.0|0.0|0.0|0.0|0.0|0.0|0.0|0
14f93d77-788f-4499-92af-2826c8f306f1|1252048555|1252073048|12888.0||1252073048|1252073048|A|1251993600|3|12888.0|12763.0|0.0|0.0|0.0|0.0|0.0|-125.0|0
b6f7c675-46a4-4a51-8311-42a2eebe9c73|1252108218|1252134522|5702.0||1252134522|1252134522|A|1252080000|1|5702.0|5702.0|0.0|0.0|0.0|0.0|0.0|0.0|0
bd55e3ae-dfc5-4c52-bf53-07545c319f92|1252134534|1252159927|14605.0||1252159927|1252159927|A|1252080000|2|14605.0|14605.0|0.0|0.0|0.0|0.0|0.0|0.0|0
f31fd6e5-6fc3-477a-9d71-80d66ba31507|1252192439|1252221238|4389.0||1252221238|1252221238|A|1252166400|1|4389.0|4389.0|0.0|0.0|0.0|0.0|0.0|0.0|0
a77435b9-48a7-4e83-a11a-c2c13062561d|1252221251|1252245632|10912.0||1252245632|1252245632|A|1252166400|2|10912.0|10912.0|0.0|0.0|0.0|0.0|0.0|0.0|0
61e29aed-1aaa-443f-b606-fd2a1e8139d1|1252275972|1252292212|1774.0||1252292212|1252292212|A|1252252800|1|1774.0|1774.0|0.0|0.0|0.0|0.0|0.0|0.0|0
2538d739-6a5d-4c76-b40c-aaa98ee5cb20|1252292232|1252307157|2629.0||1252307157|1252307157|A|1252252800|2|2629.0|2629.0|0.0|0.0|0.0|0.0|0.0|0.0|0
07fbedae-d7fc-4998-a216-7657d594512c|1252307166|1252331238|10042.0||1252331238|1252331238|A|1252252800|3|10042.0|10042.0|0.0|0.0|0.0|0.0|0.0|0.0|0
f5f8b57c-7870-44c0-8195-295b9b8fb113|1252362034|1252379003|2830.0||1252379003|1252379003|A|1252339200|1|2830.0|2830.0|0.0|0.0|0.0|0.0|0.0|0.0|0
fd3528fa-5e3b-49d8-9314-f0a7f88b9e4e|1252379037|1252395311|5437.0||1252395311|1252395311|A|1252339200|2|5437.0|5437.0|0.0|0.0|0.0|0.0|0.0|0.0|0
dce3eae2-1f44-4bb1-846a-aa5d35561bc0|1252395321|1252417759|7816.0||1252417759|1252417759|A|1252339200|3|7816.0|7816.0|0.0|0.0|0.0|0.0|0.0|0.0|0
607c7c85-a7bb-4d18-b651-4662d9ee8f46|1252448749|1252464274|3154.0||1252464274|1252464274|A|1252425600|1|3154.0|3154.0|0.0|0.0|0.0|0.0|0.0|0.0|0
7ee14fc8-3071-4e13-90b8-1d0a02df277c|1252464285|1252481017|4682.0||1252481017|1252481017|A|1252425600|2|4682.0|4682.0|0.0|0.0|0.0|0.0|0.0|0.0|0
69f91b25-cf1e-4076-a758-b1c50739cb11|1252481017|1252481263|4682.0||1252481263|1252481263|A|1252425600|2|4682.0|4682.0|0.0|0.0|0.0|0.0|0.0|0.0|0
9a7f99b6-e397-428b-8999-d2f0b8ddff35|1252481306|1252505248|12375.0||1252505248|1252505248|A|1252425600|3|12375.0|12375.0|0.0|0.0|0.0|0.0|0.0|0.0|0
e14eac4d-594b-47a5-968e-6968346d0828|1252536457|1252550233|3697.0||1252550233|1252550233|A|1252512000|1|3697.0|3697.0|0.0|0.0|0.0|0.0|0.0|0.0|0
99fbe821-5c68-4111-a985-0a859081f042|1252550245|1252567665|4193.0||1252567665|1252567665|A|1252512000|2|4193.0|4193.0|0.0|0.0|0.0|0.0|0.0|0.0|0
246f3a56-9d83-4374-adea-c7b1b514c11a|1252567710|1252591052|13204.0||1252591052|1252591052|A|1252512000|3|13204.0|13204.0|0.0|0.0|0.0|0.0|0.0|0.0|0
80b93b35-faf7-454b-8cbf-be74272062ef|1252622022|1252637546|3887.0||1252637546|1252637546|A|1252598400|1|3887.0|3887.0|0.0|0.0|0.0|0.0|0.0|0.0|0
bb7e4bf7-2f27-49ed-81fa-37215e233378|1252637557|1252654682|5712.0||1252654682|1252654682|A|1252598400|2|5712.0|5712.0|0.0|0.0|0.0|0.0|0.0|0.0|0
b611c9af-a122-4cc5-8dab-1f21d8024072|1252654689|1252677826|11974.0||1252677826|1252677826|A|1252598400|3|11974.0|11974.0|0.0|0.0|0.0|0.0|0.0|0.0|0
0c76767a-ffdc-4c32-ae53-20bdb7621329|1252711274|1252740613|5484.0||1252740613|1252740613|A|1252684800|1|5484.0|5484.0|0.0|0.0|0.0|0.0|0.0|0.0|0
913dd244-e9d5-4790-a6a4-0c4f59a830cf|1252740623|1252764128|13032.0||1252764128|1252764128|A|1252684800|2|13032.0|13032.0|0.0|0.0|0.0|0.0|0.0|0.0|0
8d060be3-5816-469d-836f-6f927cff9794|1252764725|1252827208|6437.0||1252827208|1252827208|A|1252771200|1|6437.0|6437.0|0.0|0.0|0.0|0.0|0.0|0.0|0
d11d943c-5403-4309-8e7f-c20040a1e1d4|1252827216|1252850572|11849.0||1252850572|1252850572|A|1252771200|2|11849.0|11849.0|0.0|0.0|0.0|0.0|0.0|0.0|0
0c9d5e8d-da14-4b0d-8c17-bc50bbe581ff|1252850772|1252896476|3510.0||1252896476|1252896476|A|1252857600|1|3510.0|3510.0|0.0|0.0|0.0|0.0|0.0|0.0|0
cb302b7c-054f-4e09-bda0-c399459d171d|1252896518|1252912276|3016.0||1252912276|1252912276|A|1252857600|2|3016.0|3016.0|0.0|0.0|0.0|0.0|0.0|0.0|0
90915106-95eb-4518-a9ef-15133024e8b4|1252912289|1252936902|12660.0||1252936902|1252936902|A|1252857600|3|12660.0|12660.0|0.0|0.0|0.0|0.0|0.0|0.0|0
a297619d-2a0e-485c-a0e7-5cea89b3f3c4|1252968200|1252981750|3768.0||1252981750|1252981750|A|1252944000|1|3768.0|3768.0|0.0|0.0|0.0|0.0|0.0|0.0|0
6e73e125-bab6-4e81-89c9-1c185fb88bb7|1252981758|1252999585|5459.0||1252999585|1252999585|A|1252944000|2|5459.0|5459.0|0.0|0.0|0.0|0.0|0.0|0.0|0
d2c352c9-4794-4a56-9192-1a2313eb9d13|1252999593|1253023533|11200.0||1253023533|1253023533|A|1252944000|3|11200.0|11200.0|0.0|0.0|0.0|0.0|0.0|0.0|0
8efeef40-d3f2-4425-bd8f-08b723c1b085|1253023664|1253068647|3355.0||1253068647|1253068647|A|1253030400|1|3355.0|3355.0|0.0|0.0|0.0|0.0|0.0|0.0|0
8a5d7d6d-4829-4225-8514-469d5ec60ab9|1253068655|1253086323|4951.0||1253086323|1253086323|A|1253030400|2|4951.0|4951.0|0.0|0.0|0.0|0.0|0.0|0.0|0
c0a73e68-999b-4962-873a-23897f0f7f64|1253086339|1253110253|10484.0||1253110253|1253110253|A|1253030400|3|10484.0|10484.0|0.0|0.0|0.0|0.0|0.0|0.0|0
471001a8-d797-43a8-86c6-c6e01d9c63dd|1253140038|1253155337|3486.0||1253155337|1253155337|A|1253116800|1|3486.0|3486.0|0.0|0.0|0.0|0.0|0.0|0.0|0
595381aa-ad44-4991-a244-30ffb155524d|1253155354|1253170911|3618.0||1253170911|1253170911|A|1253116800|2|3618.0|3618.0|0.0|0.0|0.0|0.0|0.0|0.0|0
a5e49265-751b-4519-b3e8-993b71d6a8bd|1253170926|1253196201|13431.0||1253196201|1253196201|A|1253116800|3|13431.0|13431.0|0.0|0.0|0.0|0.0|0.0|0.0|0
b59f12dd-497d-434a-8cc6-dc2ea27cd31b|1253196316|1253241324|2560.0||1253241324|1253241324|A|1253203200|1|2560.0|2560.0|0.0|0.0|0.0|0.0|0.0|0.0|0
6015cbcd-909f-498c-a02a-11b5d3af0a62|1253241338|1253257334|3173.0||1253257334|1253257334|A|1253203200|2|3173.0|3173.0|0.0|0.0|0.0|0.0|0.0|0.0|0
22e126cd-fefa-4d1d-aa7f-21f7bd70132e|1253257346|1253282863|13298.0||1253282863|1253282863|A|1253203200|3|13298.0|13298.0|0.0|0.0|0.0|0.0|0.0|0.0|0
84ca2d28-053c-49f8-82bf-330afb756141|1253316047|1253344254|5292.0||1253344254|1253344254|A|1253289600|1|5292.0|5292.0|0.0|0.0|0.0|0.0|0.0|0.0|0
5bf8c18e-e23e-4288-b642-5b409fa7fbf3|1253344268|1253369189|13200.0||1253369189|1253369189|A|1253289600|2|13200.0|13200.0|0.0|0.0|0.0|0.0|0.0|0.0|0
ef428325-ba47-490d-847e-66b68acdc2db|1253369234|1253431268|4918.0||1253431268|1253431268|A|1253376000|1|4918.0|4918.0|0.0|0.0|0.0|0.0|0.0|0.0|0
83bb1afa-797d-4315-9d24-46852ae8af69|1253431279|1253455431|12606.0||1253455431|1253455431|A|1253376000|2|12606.0|12606.0|0.0|0.0|0.0|0.0|0.0|0.0|0
720d3458-fc6d-481e-af77-175559d2d22e|1253485189|1253502148|3588.0||1253502148|1253502148|A|1253462400|1|3588.0|3588.0|0.0|0.0|0.0|0.0|0.0|0.0|0
a81fffce-2d56-4eb4-acc1-f91412e19007|1253502170|1253518454|4148.0||1253518454|1253518454|A|1253462400|2|4148.0|4148.0|0.0|0.0|0.0|0.0|0.0|0.0|0
96d4aad0-3f9a-4155-9934-660671bf597c|1253518464|1253541711|10170.0||1253541711|1253541711|A|1253462400|3|10170.0|10170.0|0.0|0.0|0.0|0.0|0.0|0.0|0
ff1fa037-2816-4c09-8194-8ca1155cc54d|1253571799|1253586963|3494.0||1253586963|1253586963|A|1253548800|1|3494.0|3494.0|0.0|0.0|0.0|0.0|0.0|0.0|0
7d2e777e-4fd0-41d0-a9d6-b369bd8edb1d|1253586973|1253604823|6241.0||1253604823|1253604823|A|1253548800|2|6241.0|6241.0|0.0|0.0|0.0|0.0|0.0|0.0|0
b642b3d7-890e-4aa3-aaff-4c8f4e508591|1253604830|1253628689|9865.0||1253628689|1253628689|A|1253548800|3|9865.0|9865.0|0.0|0.0|0.0|0.0|0.0|0.0|0
62d5c8b2-da80-4c03-9e0b-4a930741f27d|1253658477|1253673396|3436.0||1253673396|1253673396|A|1253635200|1|3436.0|3436.0|0.0|0.0|0.0|0.0|0.0|0.0|0
073e0a7f-aa58-495e-a4b8-5ff41a5d36db|1253673412|1253690137|4732.0||1253690137|1253690137|A|1253635200|2|4732.0|4732.0|0.0|0.0|0.0|0.0|0.0|0.0|0
f250a653-1f8e-4a4c-85d4-0056afa1f243|1253690149|1253714557|11553.0||1253714557|1253714557|A|1253635200|3|11553.0|11553.0|0.0|0.0|0.0|0.0|0.0|0.0|0
